"methods","scen_name","scen","sample_size","base_infect_shape","base_infect_mode","base_infect_min","base_infect_max","vacc_season","vacc_mean_d","vacc_sd_d","control_start","control_end","risk_start","risk_end","scen_id","missing_estimate","convergence_issue","mean_n_event","est_V_hat","est_V_hat_low_CI","est_V_hat_up_CI","IRR_V_hat","IRR_V_hat_low_CI","IRR_V_hat_up_CI","VE_hat","VE_hat_low_CI","VE_hat_up_CI","bias_est_V","bias_est_V_MCSE","bias_est_V_low_CI","bias_est_V_up_CI","mod_se_est_V_hat","se_est_V_hat","se_est_V_hat_MCSE","se_est_V_hat_low_CI","se_est_V_hat_up_CI","relative_bias_est_V","relative_bias_est_V_MCSE","relative_bias_est_V_low_CI","relative_bias_est_V_up_CI","bias_IRR_V","bias_IRR_V_MCSE","bias_IRR_V_low_CI","bias_IRR_V_up_CI","relative_bias_IRR_V","relative_bias_IRR_V_MCSE","bias_VE","bias_VE_MCSE","bias_VE_low_CI","bias_VE_up_CI","coverage_irr_V","coverage_irr_V_MCSE","coverage_irr_V_low_CI","coverage_irr_V_up_CI"
"calendar_adjustment","S10_seasonality_size6000","seasonality",6000,2.5,100,2e-04,0.002,"beta",180,60,3,7,16,35,10,0,0,83.809,-0.963411147485279,-0.983150324078799,-0.94367197089176,0.401225787667956,0.393162380256955,0.409289195078958,0.598774212332044,0.590710804921042,0.606837619743045,-0.0471204156111245,0.0100710084660815,-0.0668595922046442,-0.0273812390176048,0.326468224174173,0.318473250876561,0.00712484169164996,0.304508561160927,0.332437940592195,0.0514251797731771,0.0109910622423109,0.0298826977782477,0.0729676617681066,0.00122578766795644,0.00411398337295989,-0.00683761974304494,0.00928919507895782,0.00306446916989111,0.0102849584323997,-0.00122578766795645,0.00411398337295989,-0.00928919507895783,0.00683761974304493,0.955,0.00655553201502365,0.942151157250554,0.967848842749446
"calendar_adjustment","S11_seasonality_size6000","seasonality",6000,10,300,2e-04,0.003,"beta",180,60,3,7,16,35,11,0,0,101.51,-0.766990316428138,-0.786263390702265,-0.747717242154012,0.487376513666688,0.477744778462343,0.497008248871032,0.512623486333312,0.502991751128968,0.522255221537657,0.149300415446017,0.00983320116026861,0.13002734117189,0.168573489720143,0.301299143045056,0.310953123570592,0.00695660239240392,0.29731818288148,0.324588064259704,-0.162940003922818,0.0107315296534279,-0.183973802043537,-0.1419062058021,0.0873765136666877,0.00491415061446135,0.0777447784623434,0.0970082488710319,0.218441284166719,0.0122853765361534,-0.0873765136666877,0.00491415061446135,-0.0970082488710319,-0.0777447784623434,0.911,0.00900438781928011,0.893351399874211,0.928648600125789
"calendar_adjustment","S12_seasonality_size6000","seasonality",6000,20,200,2e-04,0.003,"beta",180,60,3,7,16,35,12,0,0,111.902,-0.902943023557518,-0.921014089740144,-0.884871957374891,0.42296060333688,0.415143972106811,0.430777234566949,0.57703939666312,0.569222765433051,0.584856027893189,0.0133477083166373,0.0092199317258299,-0.00472335786598929,0.0314187744992639,0.283535858242165,0.291559841248696,0.00652273843037673,0.278775273925157,0.304344408572234,-0.0145671104730442,0.010062233966911,-0.0342890890481898,0.00515486810210147,0.02296060333688,0.00398807715819825,0.0151439721068114,0.0307772345669486,0.0574015083422,0.00997019289549563,-0.02296060333688,0.00398807715819825,-0.0307772345669486,-0.0151439721068114,0.947,0.00708456067798138,0.933114261071156,0.960885738928843
"calendar_adjustment","S13_seasonality_size6000","seasonality",6000,2.5,100,2e-04,0.002,"beta",80,60,3,7,16,35,13,0,0,97.811,-0.734207836118357,-0.751996806901854,-0.716418865334861,0.499942302568174,0.490944913988374,0.508939691147973,0.500057697431826,0.491060308852027,0.509055086011626,0.182082895755798,0.00907600550178391,0.164293924972301,0.199871866539294,0.282630011697452,0.287008494418566,0.0064209162975627,0.274423498475343,0.299593490361789,-0.198717382400421,0.00990515912260742,-0.218131494280731,-0.17930327052011,0.0999423025681736,0.00459050437744885,0.0909449139883738,0.108939691147973,0.249855756420434,0.0114762609436221,-0.0999423025681736,0.00459050437744885,-0.108939691147973,-0.0909449139883738,0.906,0.00922843432007835,0.887912268732647,0.924087731267354
"calendar_adjustment","S14_seasonality_size6000","seasonality",6000,10,300,2e-04,0.003,"beta",80,60,3,7,16,35,14,0,0,32.274,-0.697175809874658,-0.733330036844189,-0.661021582905127,0.596984168469864,0.569138351371054,0.624829985568675,0.403015831530136,0.375170014431325,0.430861648628946,0.219114921999497,0.018446034168128,0.182960695029966,0.255269148969028,0.487461133884028,0.583314817685738,0.0130498423995283,0.557737126582663,0.608892508788814,-0.239132531168711,0.0201312023863856,-0.278589687846026,-0.199675374491395,0.196984168469864,0.0142070495402094,0.169138351371054,0.224829985568675,0.492460421174661,0.0355176238505235,-0.196984168469864,0.0142070495402094,-0.224829985568675,-0.169138351371054,0.891,0.00985489725973843,0.871684401370913,0.910315598629087
"calendar_adjustment","S15_seasonality_size6000","seasonality",6000,20,200,2e-04,0.003,"beta",80,60,3,7,16,35,15,0,0,45.698,-0.750739436078116,-0.7790798077349,-0.722399064421333,0.52413517519541,0.508294740516499,0.539975609874321,0.47586482480459,0.460024390125679,0.491705259483501,0.165551295796039,0.0144593732942773,0.137210924139255,0.193891667452822,0.424832633250834,0.457245531485284,0.0102294369058634,0.437195835149792,0.477295227820776,-0.180675510552666,0.0157803334589039,-0.211604964132118,-0.149746056973214,0.12413517519541,0.00808185442801574,0.108294740516499,0.139975609874321,0.310337937988524,0.0202046360700394,-0.12413517519541,0.00808185442801574,-0.139975609874321,-0.108294740516499,0.91,0.00904986187739901,0.892262270720298,0.927737729279702
"calendar_adjustment","S16_seasonality_size6000","seasonality",6000,2.5,100,2e-04,0.002,"beta",180,20,3,7,16,35,16,0,0,84.186,-1.00489474697043,-1.02473460675168,-0.98505488718917,0.385066283208757,0.377319029975623,0.392813536441891,0.614933716791243,0.607186463558109,0.622680970024377,-0.0886040150962699,0.0101223774394156,-0.108443874877525,-0.0687641553150153,0.314665460673941,0.320097680444564,0.00716118321634444,0.306061761340529,0.334133599548599,0.0966985826813306,0.0110471241138842,0.0750462194181175,0.118350945944544,-0.0149337167912432,0.00395268022098673,-0.0226809700243772,-0.00718646355810921,-0.037334291978108,0.00988170055246683,0.0149337167912432,0.00395268022098673,0.00718646355810921,0.0226809700243772,0.936,0.0077397674383666,0.920830055820801,0.951169944179199
"calendar_adjustment","S17_seasonality_size6000","seasonality",6000,10,300,2e-04,0.003,"beta",180,20,3,7,16,35,17,0,0,99.805,-0.696164207346663,-0.713990259848659,-0.678338154844666,0.519465788860602,0.510102794999966,0.528828782721239,0.480534211139398,0.471171217278761,0.489897205000034,0.220126524527492,0.00909492474591663,0.202300472025495,0.237952577029489,0.296702118155656,0.287606773449247,0.00643430091736768,0.274995543651207,0.300218003247288,-0.24023655033294,0.00992580676584399,-0.259691131593994,-0.220781969071886,0.119465788860602,0.00477703768399821,0.110102794999966,0.128828782721239,0.298664472151505,0.0119425942099955,-0.119465788860602,0.00477703768399821,-0.128828782721239,-0.110102794999966,0.888,0.00997276290703835,0.868453384702205,0.907546615297795
"calendar_adjustment","S18_seasonality_size6000","seasonality",6000,20,200,2e-04,0.003,"beta",180,20,3,7,16,35,18,0,0,168.443,-0.872517370605292,-0.886733874734052,-0.858300866476531,0.42904562929587,0.422844186465956,0.435247072125784,0.57095437070413,0.564752927874216,0.577155813534044,0.0437733612688631,0.00725331843304109,0.0295568571401025,0.0579898653976236,0.225362078193117,0.229370068428934,0.00513143701036446,0.219312451888619,0.239427684969248,-0.0477723496988017,0.00791595743657186,-0.0632876262744825,-0.0322570731231208,0.0290456292958696,0.00316400144383359,0.0228441864659558,0.0352470721257835,0.0726140732396741,0.00791000360958399,-0.0290456292958696,0.00316400144383359,-0.0352470721257835,-0.0228441864659558,0.939,0.00756828910652864,0.924166153351204,0.953833846648796
"calendar_adjustment","S19_seasonality_size6000","seasonality",6000,2.5,100,2e-04,0.002,"beta",80,20,3,7,16,35,19,0,0,120.247,-0.878756214765316,-0.894696270553953,-0.862816158976678,0.429470923929657,0.422317552661565,0.436624295197749,0.570529076070343,0.563375704802251,0.577682447338435,0.0375345171088394,0.00813268152481515,0.0215944613202017,0.053474572897477,0.256654611001803,0.257177971031871,0.00575355175085656,0.245901009600192,0.268454932463549,-0.0409635455245382,0.00887565621031743,-0.0583598316967603,-0.023567259352316,0.0294709239296569,0.00364967921841418,0.0223175526615651,0.0366242951977487,0.0736773098241422,0.00912419804603544,-0.0294709239296569,0.00364967921841418,-0.0366242951977487,-0.0223175526615651,0.948,0.00702111102319284,0.934238622394542,0.961761377605458
"calendar_adjustment","S20_seasonality_size6000","seasonality",6000,10,300,2e-04,0.003,"beta",80,20,3,7,16,35,20,0,7,17.993,-0.63651149613486,-0.683355434223571,-0.58966755804615,0.706759725126732,0.664891639338299,0.748627810915165,0.293240274873268,0.251372189084835,0.335108360661701,0.279779235739295,0.0238999684126075,0.232935297650584,0.326623173828006,0.664153907331182,0.753133474686109,0.0169083456484341,0.719993117215178,0.78627383215704,-0.305338934474479,0.0260833898905899,-0.356462378660035,-0.254215490288923,0.306759725126732,0.0213612682594046,0.264891639338299,0.348627810915165,0.76689931281683,0.0534031706485115,-0.306759725126732,0.0213612682594046,-0.348627810915165,-0.264891639338299,0.916414904330312,0.00878285817003908,0.899200502317036,0.933629306343589
"calendar_adjustment","S21_seasonality_size6000","seasonality",6000,20,200,2e-04,0.003,"beta",80,20,3,7,16,35,21,0,2,23.439,-0.462411918196114,-0.507610725770417,-0.417213110621811,0.845218397755919,0.784587858253004,0.905848937258834,0.154781602244081,0.0941510627411657,0.215412141746996,0.453878813678041,0.023060616109338,0.408680006103739,0.499077621252344,0.594220502628018,0.728511105825831,0.0163144936717965,0.69653469822911,0.760487513422552,-0.495343669742998,0.0251673571576682,-0.544671689772027,-0.446015649713968,0.445218397755919,0.0309339487259772,0.384587858253004,0.505848937258834,1.1130459943898,0.077334871814943,-0.445218397755919,0.0309339487259772,-0.505848937258834,-0.384587858253004,0.830661322645291,0.0118720250869765,0.807392153474817,0.853930491815764
"calendar_adjustment","S22_seasonality_size10000","seasonality",10000,2.5,100,2e-04,0.002,"beta",180,60,3,7,16,35,22,0,0,139.896,-0.98306678593385,-0.998416862428446,-0.967716709439254,0.385947578053243,0.379813305395331,0.392081850711155,0.614052421946757,0.607918149288845,0.620186694604669,-0.066776054059695,0.00783167168091647,-0.0821261305542913,-0.0514259775650988,0.252000385532041,0.247659203983355,0.00554059914609713,0.236799629657005,0.258518778309705,0.0728764918565892,0.00854714711006384,0.0561240835208641,0.0896289001923144,-0.0140524219467571,0.00312973094791442,-0.0201866946046694,-0.00791814928884484,-0.0351310548668928,0.00782432736978605,0.0140524219467571,0.00312973094791442,0.00791814928884485,0.0201866946046694,0.952,0.00675988165576884,0.938750631954693,0.965249368045307
"calendar_adjustment","S23_seasonality_size10000","seasonality",10000,10,300,2e-04,0.003,"beta",180,60,3,7,16,35,23,0,0,169.618,-0.785441425822451,-0.800361837653514,-0.770521013991387,0.46929217638012,0.462193325925414,0.476391026834826,0.53070782361988,0.523608973165174,0.537806674074586,0.130849306051704,0.00761245501584882,0.115928894220641,0.145769717882768,0.233141215165343,0.240726964356555,0.00538551199270641,0.23017136085085,0.251282567862259,-0.142803262654495,0.00830790354091929,-0.159086753594697,-0.126519771714293,0.06929217638012,0.00362186247689065,0.0621933259254143,0.0763910268348257,0.1732304409503,0.00905465619222662,-0.06929217638012,0.00362186247689065,-0.0763910268348257,-0.0621933259254143,0.912,0.00895857131466843,0.89444120022325,0.92955879977675
"calendar_adjustment","S24_seasonality_size10000","seasonality",10000,20,200,2e-04,0.003,"beta",180,60,3,7,16,35,24,0,0,187.428,-0.913093269151851,-0.92679099838455,-0.899395539919151,0.411226956729798,0.405479945920862,0.416973967538735,0.588773043270202,0.583026032461265,0.594520054079138,0.00319746272230409,0.00698863736362217,-0.0105002665103954,0.0168951919550035,0.218712307962086,0.221000118100004,0.00494418558219441,0.211309514358903,0.230690721841105,-0.0034895722624675,0.00762709598658475,-0.0184386803961736,0.0114595358712386,0.0112269567297982,0.00293214837190628,0.00547994592086189,0.0169739675387345,0.0280673918244955,0.00733037092976571,-0.0112269567297982,0.00293214837190628,-0.0169739675387345,-0.00547994592086189,0.948,0.00702111102319284,0.934238622394542,0.961761377605458
"calendar_adjustment","S25_seasonality_size10000","seasonality",10000,2.5,100,2e-04,0.002,"beta",80,60,3,7,16,35,25,0,0,163.632,-0.72151510297636,-0.735046173622648,-0.707984032330073,0.497788449828059,0.490926283117389,0.50465061653873,0.502211550171941,0.49534938346127,0.509073716882611,0.194775628897795,0.00690360747259567,0.181244558251507,0.208306699544082,0.217384802334172,0.218311236851608,0.00488403028447399,0.208738537494039,0.227883936209177,-0.212569681349288,0.007534298048039,-0.227336905523444,-0.197802457175131,0.0977884498280591,0.00350110546462786,0.0909262831173885,0.10465061653873,0.244471124570148,0.00875276366156966,-0.0977884498280591,0.00350110546462786,-0.10465061653873,-0.0909262831173885,0.853,0.0111978122863352,0.831052287918783,0.874947712081217
"calendar_adjustment","S26_seasonality_size10000","seasonality",10000,10,300,2e-04,0.003,"beta",80,60,3,7,16,35,26,0,0,53.105,-0.721099356439003,-0.746498324641497,-0.69570038823651,0.527949236112205,0.514265928168694,0.541632544055717,0.472050763887795,0.458367455944283,0.485734071831306,0.195191375435152,0.0129586572461701,0.169792407232658,0.220590343637645,0.393433599254224,0.409788723153429,0.00916773943009491,0.391819953870443,0.427757492436415,-0.213023409105004,0.0141425169931217,-0.240742742411523,-0.185304075798486,0.127949236112205,0.00698127956301616,0.114265928168694,0.141632544055717,0.319873090280513,0.0174531989075404,-0.127949236112205,0.00698127956301616,-0.141632544055717,-0.114265928168694,0.906,0.00922843432007835,0.887912268732647,0.924087731267354
"calendar_adjustment","S27_seasonality_size10000","seasonality",10000,20,200,2e-04,0.003,"beta",80,60,3,7,16,35,27,0,0,76.466,-0.751864553740275,-0.774038254190477,-0.729690853290074,0.502631558581943,0.491127615177091,0.514135501986795,0.497368441418057,0.485864498013205,0.508872384822909,0.164426178133879,0.0113131124745927,0.142252477683678,0.186599878584081,0.338418255838163,0.357752028453767,0.00800358133872819,0.34206500902986,0.373439047877674,-0.179447605889854,0.0123466407342713,-0.203647021729026,-0.155248190050683,0.102631558581943,0.0058693588800265,0.0911276151770913,0.114135501986795,0.256578896454858,0.0146733972000662,-0.102631558581943,0.0058693588800265,-0.114135501986795,-0.0911276151770913,0.899,0.00952885092757778,0.880323452181948,0.917676547818053
"calendar_adjustment","S28_seasonality_size10000","seasonality",10000,2.5,100,2e-04,0.002,"beta",180,20,3,7,16,35,28,1,0,140.169169169169,-1.00636061226922,-1.02113765930804,-0.991583565230414,0.375888168833444,0.370390250297523,0.381386087369364,0.624111831166556,0.618613912630636,0.629609749702477,-0.0900698803950699,0.00753930971367907,-0.104846927433881,-0.0752928333562589,0.242950376303722,0.238294670036526,0.00533376724557496,0.227840486235199,0.248748853837853,0.0982983645494738,0.00822807592766804,0.0821713357312445,0.114425393367703,-0.0241118311665563,0.00280506047751032,-0.0296097497024765,-0.0186139126306361,-0.0602795779163907,0.0070126511937758,0.0241118311665563,0.00280506047751032,0.0186139126306361,0.0296097497024765,0.941941941941942,0.00739878787468595,0.927440317707557,0.956443566176326
"calendar_adjustment","S29_seasonality_size10000","seasonality",10000,10,300,2e-04,0.003,"beta",180,20,3,7,16,35,29,0,0,166.591,-0.691682670311412,-0.70573439014978,-0.677630950473044,0.513793166830756,0.506453592605387,0.521132741056125,0.486206833169244,0.478867258943875,0.493546407394613,0.224608061562743,0.00716924481549391,0.210556341724375,0.238659781401111,0.230579748095441,0.226711427203144,0.00507195823845344,0.216770389055775,0.236652465350512,-0.245127505658969,0.00782420313346414,-0.260462943800559,-0.229792067517379,0.113793166830756,0.00374468072722898,0.106453592605387,0.121132741056125,0.284482917076889,0.00936170181807245,-0.113793166830756,0.00374468072722898,-0.121132741056125,-0.106453592605387,0.85,0.0112915897906362,0.827868484010353,0.872131515989647
"calendar_adjustment","S30_seasonality_size10000","seasonality",10000,20,200,2e-04,0.003,"beta",180,20,3,7,16,35,30,0,0,279.808,-0.872141999415779,-0.882652884681761,-0.861631114149796,0.424142571595329,0.419604542759425,0.428680600431232,0.575857428404671,0.571319399568768,0.580395457240575,0.0441487324583761,0.00536269656427683,0.0336378471923935,0.0546596177243587,0.174000122009215,0.169583355434743,0.00379389652878467,0.162147318238325,0.177019392631161,-0.0481820135494283,0.00585261465354792,-0.0596531382703822,-0.0367108888284744,0.0241425715953286,0.00231532083464462,0.0196045427594251,0.028680600431232,0.0603564289883214,0.00578830208661155,-0.0241425715953286,0.00231532083464462,-0.028680600431232,-0.0196045427594251,0.945,0.00720936890441875,0.930869636947339,0.959130363052661
"calendar_adjustment","S31_seasonality_size10000","seasonality",10000,2.5,100,2e-04,0.002,"beta",80,20,3,7,16,35,31,0,0,200.701,-0.877777247718167,-0.889982735605746,-0.865571759830588,0.423800792917508,0.418615189334729,0.428986396500287,0.576199207082492,0.571013603499713,0.58138481066527,0.0385134841559879,0.00622728973856079,0.0263079962684088,0.0507189720435671,0.197847489007585,0.196924192236466,0.00440556213458782,0.188289290452674,0.205559094020258,-0.0420319477391347,0.00679619417935579,-0.055352488330672,-0.0287114071475973,0.0238007929175082,0.00264571611366264,0.0186151893347294,0.028986396500287,0.0595019822937705,0.00661429028415661,-0.0238007929175082,0.00264571611366264,-0.028986396500287,-0.0186151893347294,0.948,0.00702111102319284,0.934238622394542,0.961761377605458
"calendar_adjustment","S32_seasonality_size10000","seasonality",10000,10,300,2e-04,0.003,"beta",80,20,3,7,16,35,32,0,0,29.919,-0.664934701713612,-0.698924277863659,-0.630945125563565,0.599294349737121,0.576278804213976,0.622309895260265,0.400705650262879,0.377690104739734,0.423721195786024,0.251356030160543,0.017341620484718,0.217366454010496,0.28534560631059,0.523690151233466,0.548390190499421,0.0122685132324553,0.524343904563808,0.572436476435033,-0.274319079541955,0.0189258931488349,-0.311413830113672,-0.237224328970239,0.199294349737121,0.0117426252669105,0.176278804213976,0.222309895260265,0.498235874342802,0.0293565631672763,-0.199294349737121,0.0117426252669105,-0.222309895260265,-0.176278804213976,0.917,0.00872416185085994,0.899900642772315,0.934099357227686
"calendar_adjustment","S33_seasonality_size10000","seasonality",10000,20,200,2e-04,0.003,"beta",80,20,3,7,16,35,33,0,0,39.274,-0.482488394073907,-0.515326851177419,-0.449649936970395,0.713538175580044,0.686318151914746,0.740758199245341,0.286461824419956,0.259241800754659,0.313681848085254,0.433802337800248,0.0167543148487305,0.400963880696736,0.46664079490376,0.465425896754767,0.529817955575678,0.0118530176348577,0.506586041011357,0.553049870139999,-0.473433073925086,0.0182849332268828,-0.509271543049776,-0.437594604800396,0.313538175580044,0.0138877671761723,0.286318151914746,0.340758199245341,0.783845438950109,0.0347194179404307,-0.313538175580044,0.0138877671761723,-0.340758199245341,-0.286318151914746,0.817,0.0122274690758145,0.793034160611404,0.840965839388596
"calendar_adjustment","S34_seasonality_size20000","seasonality",20000,2.5,100,2e-04,0.002,"beta",180,60,3,7,16,35,34,0,0,278.79,-0.98110553790725,-0.992415660993529,-0.969795414820972,0.381152003301437,0.376843057327966,0.385460949274908,0.618847996698563,0.614539050725092,0.623156942672034,-0.0648148060330953,0.00577047096238686,-0.0761249291193735,-0.053504682946817,0.178123900042355,0.182478314130063,0.00408238084912129,0.174476847665785,0.190479780594341,0.0707360707452807,0.00629764196193942,0.0583926924998795,0.083079448990682,-0.018847996698563,0.00219844182319948,-0.0231569426720339,-0.014539050725092,-0.0471199917464074,0.0054961045579987,0.0188479966985629,0.00219844182319948,0.014539050725092,0.0231569426720339,0.94,0.00750999334220744,0.925280413049273,0.954719586950727
"calendar_adjustment","S35_seasonality_size20000","seasonality",20000,10,300,2e-04,0.003,"beta",180,60,3,7,16,35,35,0,0,338.493,-0.771075709385218,-0.780961780903021,-0.761189637867414,0.468380203854818,0.463780204081192,0.472980203628444,0.531619796145182,0.527019796371556,0.536219795918808,0.145215022488937,0.0050439140396956,0.135328950971134,0.15510109400674,0.163939658580181,0.15950256687539,0.00356837045268661,0.152508560788125,0.166496572962656,-0.158481383077965,0.00550470921972432,-0.169270613148625,-0.147692153007306,0.0683802038548181,0.00234693866001322,0.0637802040811922,0.072980203628444,0.170950509637045,0.00586734665003304,-0.0683802038548181,0.00234693866001322,-0.072980203628444,-0.0637802040811922,0.87,0.0106348483769163,0.849155697181244,0.890844302818756
"calendar_adjustment","S36_seasonality_size20000","seasonality",20000,20,200,2e-04,0.003,"beta",180,60,3,7,16,35,36,0,0,375.028,-0.899783498810918,-0.909557370574087,-0.890009627047749,0.411714042494657,0.40769728001666,0.415730804972653,0.588285957505343,0.584269195027347,0.59230271998334,0.016507233063237,0.00498666926692307,0.00673336130006779,0.0262811048264062,0.1542230973016,0.15769232821439,0.00352787203139618,0.150777699032854,0.164606957395927,-0.0180152788727586,0.00544223475525445,-0.0286820589930574,-0.0073484987524599,0.0117140424946565,0.00204936861122286,0.00769728001665973,0.0157308049726533,0.0292851062366413,0.00512342152805714,-0.0117140424946565,0.00204936861122286,-0.0157308049726533,-0.00769728001665973,0.942,0.00739161687318817,0.927512430928551,0.956487569071449
"calendar_adjustment","S37_seasonality_size20000","seasonality",20000,2.5,100,2e-04,0.002,"beta",80,60,3,7,16,35,37,0,0,326.771,-0.738932438302973,-0.748136110175252,-0.729728766430694,0.482925476250053,0.478440407051199,0.487410545448908,0.517074523749947,0.512589454551092,0.521559592948801,0.177358293571182,0.00469575095524436,0.168154621698903,0.186561965443461,0.152929947695562,0.148492683434836,0.00332205878807564,0.141981448210207,0.155003918659464,-0.193561156302889,0.00512473911597884,-0.203605644970207,-0.18351666763557,0.0829254762500534,0.00228830061166054,0.0784404070511987,0.087410545448908,0.207313690625133,0.00572075152915134,-0.0829254762500534,0.00228830061166054,-0.087410545448908,-0.0784404070511987,0.803,0.0125774003673255,0.778348295280042,0.827651704719958
"calendar_adjustment","S38_seasonality_size20000","seasonality",20000,10,300,2e-04,0.003,"beta",80,60,3,7,16,35,38,0,0,106.749,-0.735468534973482,-0.753136341923808,-0.717800728023156,0.499407046338109,0.490211413141921,0.508602679534297,0.500592953661891,0.491397320465703,0.509788586858079,0.180822196900673,0.00901418721955405,0.163154389950347,0.198490003850999,0.284300775723997,0.285053628689711,0.00637718229852765,0.272554351384597,0.297552905994825,-0.197341510298619,0.00983769332809543,-0.216623389221686,-0.178059631375552,0.0994070463381092,0.00469164958989184,0.0902114131419212,0.108602679534297,0.248517615845273,0.0117291239747296,-0.0994070463381092,0.00469164958989184,-0.108602679534297,-0.0902114131419212,0.899,0.00952885092757778,0.880323452181948,0.917676547818053
"calendar_adjustment","S39_seasonality_size20000","seasonality",20000,20,200,2e-04,0.003,"beta",80,60,3,7,16,35,39,0,0,152.891,-0.763456815742329,-0.778235822261702,-0.748677809222957,0.47959206562011,0.472302951043888,0.486881180196332,0.520407934379891,0.513118819803669,0.527697048956112,0.152833916131826,0.00754030944865938,0.138054909612453,0.167612922651198,0.240466442653954,0.238445521202521,0.00533447184645787,0.227989956383464,0.248901086021579,-0.166796313457437,0.00822916699510498,-0.182925480767842,-0.150667146147031,0.0795920656201095,0.00371893600827653,0.0723029510438875,0.0868811801963315,0.198980164050274,0.00929734002069131,-0.0795920656201095,0.00371893600827653,-0.0868811801963315,-0.0723029510438875,0.9,0.00948683298050514,0.88140580735821,0.91859419264179
"calendar_adjustment","S40_seasonality_size20000","seasonality",20000,2.5,100,2e-04,0.002,"beta",180,20,3,7,16,35,40,1,0,280.386386386386,-1.01580711810535,-1.0262341621925,-1.0053800740182,0.367269604174353,0.363410396111245,0.371128812237461,0.632730395825647,0.628871187762539,0.636589603888755,-0.0995163862311966,0.00531992045262619,-0.109943430318344,-0.0890893421440492,0.172636752666637,0.168230656012127,0.00376363411517221,0.160853933146389,0.175607378877864,0.108607871682439,0.00580593065886957,0.0972282475910549,0.119987495773824,-0.0327303958256471,0.00196898370566734,-0.0365896038887551,-0.0288711877625391,-0.0818259895641178,0.00492245926416834,0.0327303958256471,0.00196898370566734,0.0288711877625391,0.0365896038887551,NA,NA,NA,NA
"calendar_adjustment","S41_seasonality_size20000","seasonality",20000,10,300,2e-04,0.003,"beta",180,20,3,7,16,35,41,0,0,334.603,-0.703246882211885,-0.713285061902079,-0.693208702521691,0.501433696684936,0.496447641439436,0.506419751930436,0.498566303315064,0.493580248069564,0.503552358560564,0.21304384966227,0.00512152025009901,0.203005669972076,0.223082029352464,0.16400478438331,0.161956690729881,0.00362327378885949,0.154855074103716,0.169058307356045,-0.232506825891948,0.00558940527492143,-0.243462060230794,-0.221551591553102,0.101433696684936,0.00254390573750009,0.0964476414394356,0.106419751930436,0.253584241712339,0.00635976434375022,-0.101433696684936,0.00254390573750009,-0.106419751930436,-0.0964476414394356,0.737,0.0139223202089307,0.709712252390496,0.764287747609504
"calendar_adjustment","S42_seasonality_size20000","seasonality",20000,20,200,2e-04,0.003,"beta",180,20,3,7,16,35,42,0,0,558.271,-0.875027481601208,-0.882901939783699,-0.867153023418716,0.420231791614906,0.416900651689659,0.423562931540153,0.579768208385094,0.576437068459847,0.583099348310341,0.0412632502729471,0.00401758070535284,0.0333887920904555,0.0491377084554386,0.123756827962722,0.127047057124608,0.00284228005621009,0.121476188214436,0.13261792603478,-0.0450329233261461,0.00438461349176303,-0.0536267657700016,-0.0364390808822905,0.0202317916149062,0.00169956118635054,0.0169006516896591,0.0235629315401532,0.0505794790372655,0.00424890296587635,-0.0202317916149062,0.00169956118635054,-0.0235629315401532,-0.0169006516896591,0.939,0.00756828910652864,0.924166153351204,0.953833846648796
"calendar_adjustment","S43_seasonality_size20000","seasonality",20000,2.5,100,2e-04,0.002,"beta",80,20,3,7,16,35,43,0,0,400.517,-0.892108917090279,-0.900996792963431,-0.883221041217126,0.414012755918197,0.410325666891167,0.417699844945228,0.585987244081803,0.582300155054772,0.589674333108833,0.0241818147838765,0.00453463054752702,0.0152939389107235,0.0330696906570295,0.141343068968626,0.143397608775618,0.00320807244776559,0.137109786777998,0.149685430773239,-0.0263909848072082,0.00494889928467575,-0.0360908274051727,-0.0166911422092437,0.0140127559181973,0.00188116787093386,0.0103256668911669,0.0176998449452277,0.0350318897954933,0.00470291967733465,-0.0140127559181973,0.00188116787093386,-0.0176998449452277,-0.0103256668911669,0.941,0.00745110730026082,0.926395829691489,0.955604170308511
"calendar_adjustment","S44_seasonality_size20000","seasonality",20000,10,300,2e-04,0.003,"beta",80,20,3,7,16,35,44,0,0,59.039,-0.702748250805312,-0.726080947882828,-0.679415553727796,0.53215229847992,0.518666122904348,0.545638474055491,0.46784770152008,0.454361525944509,0.481333877095652,0.213542481068843,0.011904437284447,0.190209783991327,0.236875178146359,0.37594928404942,0.376451360814822,0.00842192034348091,0.3599443969416,0.392958324688045,-0.233051010602355,0.0129919870084225,-0.258515305138863,-0.207586716065846,0.13215229847992,0.00688070182427129,0.118666122904348,0.145638474055491,0.330380746199799,0.0172017545606782,-0.13215229847992,0.0068807018242713,-0.145638474055491,-0.118666122904348,0.919,0.00862780389206894,0.902089504371545,0.935910495628455
"calendar_adjustment","S45_seasonality_size20000","seasonality",20000,20,200,2e-04,0.003,"beta",80,20,3,7,16,35,45,0,0,78.537,-0.526749078470977,-0.548600095031188,-0.504898061910766,0.628261062072774,0.614161047760532,0.642361076385015,0.371738937927226,0.357638923614985,0.385838952239468,0.389541653403178,0.0111484778368422,0.367690636842967,0.411392669963389,0.33619720988355,0.352545824083283,0.00788710881913046,0.337087090797788,0.368004557368779,-0.425128880880876,0.0121669656245888,-0.44897613350507,-0.401281628256681,0.228261062072774,0.00719388485318463,0.214161047760532,0.242361076385016,0.570652655181934,0.0179847121329616,-0.228261062072774,0.00719388485318463,-0.242361076385016,-0.214161047760532,0.77,0.0133078923951165,0.743916530905572,0.796083469094428
