person_id,day_of_birth,month_of_birth,year_of_birth,day_of_death,month_of_death,year_of_death,race,country_of_birth,quality
ECVM210900037,14,04,2021,,,,,,reliable
ECVM210900097,04,12,2019,,,,,,reliable
ECVM210900283,02,02,2021,,,,,,reliable
ECVM210900679,29,04,2021,,,,,,reliable
ECVM210900687,18,02,2019,,,,,,reliable
ECVM210901175,01,08,2019,,,,,,reliable
ECVM210901842,09,03,2019,,,,,,reliable
ECVM210902066,29,04,2020,,,,,,reliable
ECVM210903422,08,01,2020,31,12,2019,,,reliable
ECVM210903435,01,10,,,,,,,reliable
ECVM210904169,06,03,2021,,,,,,reliable
ECVM210905161,17,05,2021,,,,,,reliable
ECVM210905311,01,06,2019,,,,,,reliable
ECVM210905318,26,12,2020,,,,,,reliable
ECVM210905563,02,05,2019,,,,,,reliable
ECVM210905726,16,02,2020,,,,,,reliable
ECVM210905809,02,07,2020,,,,,,reliable
ECVM210905819,17,11,2020,,,,,,reliable
ECVM210905964,22,05,2021,,,,,,reliable
ECVM210906332,30,07,2020,,,,,,reliable
ECVM210906528,03,07,2019,,,,,,reliable
ECVM210906827,19,01,2021,,,,,,reliable
ECVM210907285,28,04,2019,,,,,,reliable
ECVM210907337,10,02,2020,,,,,,reliable
ECVM210907503,25,08,2019,,,,,,reliable
ECVM210907697,20,09,2019,,,,,,reliable
ECVM210907742,10,05,2019,,,,,,reliable
ECVM210908018,08,06,2019,,,,,,reliable
ECVM210908542,05,09,2019,,,,,,reliable
ECVM210908848,28,05,2019,,,,,,reliable