person_id,survey_id,survey_date,survey_meaning,survey_origin
ECVM210900001,1000264,20210101,covid_registry,COVIDDATASET
ECVM210900008,1000194,20210211,covid_registry,COVIDDATASET
ECVM210900034,1000031,20210116,covid_registry,COVIDDATASET
ECVM210900038,1000148,20210225,covid_registry,COVIDDATASET
ECVM210900067,1000035,20210117,covid_registry,COVIDDATASET
ECVM210900068,1000080,20210110,covid_registry,COVIDDATASET
ECVM210900075,1000009,20210210,covid_registry,COVIDDATASET
ECVM210900099,1000051,20201211,covid_registry,COVIDDATASET
ECVM210900129,1000211,20201209,covid_registry,COVIDDATASET
ECVM210900140,1000108,20200414,covid_registry,COVIDDATASET
ECVM210900184,1000105,20210317,covid_registry,COVIDDATASET
ECVM210900197,1000290,20210222,covid_registry,COVIDDATASET
ECVM210900235,1000181,20210318,covid_registry,COVIDDATASET
ECVM210900236,1000013,20201126,covid_registry,COVIDDATASET
ECVM210900423,1000193,20210106,covid_registry,COVIDDATASET
ECVM210900444,1000294,20210309,covid_registry,COVIDDATASET
ECVM210900463,1000110,20210127,covid_registry,COVIDDATASET
ECVM210900467,1000284,20201106,covid_registry,COVIDDATASET
ECVM210900564,1000230,20210215,covid_registry,COVIDDATASET
ECVM210900629,1000087,20201226,covid_registry,COVIDDATASET
ECVM210900643,1000251,20201224,covid_registry,COVIDDATASET
ECVM210900679,1000136,20201221,covid_registry,COVIDDATASET
ECVM210900703,1000002,20210304,covid_registry,COVIDDATASET
ECVM210900816,1000014,20210104,covid_registry,COVIDDATASET
ECVM210900823,1000265,20201127,covid_registry,COVIDDATASET
ECVM210900889,1000053,20201222,covid_registry,COVIDDATASET
ECVM210900900,1000295,20201120,covid_registry,COVIDDATASET
ECVM210900928,1000205,20201218,covid_registry,COVIDDATASET
ECVM210900930,1000229,20201211,covid_registry,COVIDDATASET
ECVM210900931,1000223,20201218,covid_registry,COVIDDATASET
ECVM210900938,1000209,20210107,covid_registry,COVIDDATASET
ECVM210900962,1000279,20201212,covid_registry,COVIDDATASET
ECVM210900963,1000070,20200727,covid_registry,COVIDDATASET
ECVM210901004,1000165,20210312,covid_registry,COVIDDATASET
ECVM210901012,1000074,20210201,covid_registry,COVIDDATASET
ECVM210901020,1000249,20201213,covid_registry,COVIDDATASET
ECVM210901040,1000001,20210427,covid_registry,COVIDDATASET
ECVM210901069,1000241,20210116,covid_registry,COVIDDATASET
ECVM210901069,1000243,20210126,covid_registry,COVIDDATASET
ECVM210901080,1000202,20210113,covid_registry,COVIDDATASET
ECVM210901087,1000168,20201128,covid_registry,COVIDDATASET
ECVM210901119,1000081,20210120,covid_registry,COVIDDATASET
ECVM210901142,1000206,20201211,covid_registry,COVIDDATASET
ECVM210901147,1000267,20201127,covid_registry,COVIDDATASET
ECVM210901151,1000296,20201223,covid_registry,COVIDDATASET
ECVM210901176,1000077,20210121,covid_registry,COVIDDATASET
ECVM210901193,1000270,20201028,covid_registry,COVIDDATASET
ECVM210901210,1000113,20201104,covid_registry,COVIDDATASET
ECVM210901278,1000182,20201118,covid_registry,COVIDDATASET
ECVM210901287,1000174,20200625,covid_registry,COVIDDATASET
ECVM210901302,1000025,20210313,covid_registry,COVIDDATASET
ECVM210901324,1000118,20200720,covid_registry,COVIDDATASET
ECVM210901494,1000003,20210129,covid_registry,COVIDDATASET
ECVM210901498,1000017,20201025,covid_registry,COVIDDATASET
ECVM210901587,1000086,20210111,covid_registry,COVIDDATASET
ECVM210901603,1000103,20210202,covid_registry,COVIDDATASET
ECVM210901613,1000049,20210311,covid_registry,COVIDDATASET
ECVM210901618,1000067,20210101,covid_registry,COVIDDATASET
ECVM210901668,1000129,20201209,covid_registry,COVIDDATASET
ECVM210901682,1000155,20210114,covid_registry,COVIDDATASET
ECVM210901702,1000095,20201221,covid_registry,COVIDDATASET
ECVM210901728,1000101,20210125,covid_registry,COVIDDATASET
ECVM210901743,1000099,20201213,covid_registry,COVIDDATASET
ECVM210901763,1000266,20210109,covid_registry,COVIDDATASET
ECVM210901766,1000019,20201218,covid_registry,COVIDDATASET
ECVM210901780,1000250,20210406,covid_registry,COVIDDATASET
ECVM210901789,1000220,20210125,covid_registry,COVIDDATASET
ECVM210901799,1000151,20201215,covid_registry,COVIDDATASET
ECVM210901819,1000050,20210107,covid_registry,COVIDDATASET
ECVM210901868,1000158,20201216,covid_registry,COVIDDATASET
ECVM210901889,1000121,20201126,covid_registry,COVIDDATASET
ECVM210901899,1000172,20210113,covid_registry,COVIDDATASET
ECVM210901913,1000286,20201225,covid_registry,COVIDDATASET
ECVM210901953,1000008,20210101,covid_registry,COVIDDATASET
ECVM210902020,1000042,20210227,covid_registry,COVIDDATASET
ECVM210902024,1000140,20210124,covid_registry,COVIDDATASET
ECVM210902044,1000069,20210214,covid_registry,COVIDDATASET
ECVM210902091,1000034,20210308,covid_registry,COVIDDATASET
ECVM210902169,1000198,20210413,covid_registry,COVIDDATASET
ECVM210902186,1000244,20210225,covid_registry,COVIDDATASET
ECVM210902221,1000184,20201202,covid_registry,COVIDDATASET
ECVM210902231,1000253,20200925,covid_registry,COVIDDATASET
ECVM210902232,1000175,20201217,covid_registry,COVIDDATASET
ECVM210902322,1000261,20210106,covid_registry,COVIDDATASET
ECVM210902373,1000073,20201218,covid_registry,COVIDDATASET
ECVM210902383,1000246,20201211,covid_registry,COVIDDATASET
ECVM210902407,1000169,20210129,covid_registry,COVIDDATASET
ECVM210902423,1000040,20201228,covid_registry,COVIDDATASET
ECVM210902481,1000122,20210411,covid_registry,COVIDDATASET
ECVM210902483,1000207,20201126,covid_registry,COVIDDATASET
ECVM210902542,1000203,20210208,covid_registry,COVIDDATASET
ECVM210902590,1000234,20210201,covid_registry,COVIDDATASET
ECVM210902614,1000257,20210303,covid_registry,COVIDDATASET
ECVM210902627,1000162,20201031,covid_registry,COVIDDATASET
ECVM210902721,1000143,20210125,covid_registry,COVIDDATASET
ECVM210902727,1000083,20201019,covid_registry,COVIDDATASET
ECVM210902754,1000256,20210224,covid_registry,COVIDDATASET
ECVM210902757,1000289,20201119,covid_registry,COVIDDATASET
ECVM210902792,1000276,20210210,covid_registry,COVIDDATASET
ECVM210902854,1000048,20210223,covid_registry,COVIDDATASET
ECVM210902929,1000292,20201031,covid_registry,COVIDDATASET
ECVM210902955,1000024,20210110,covid_registry,COVIDDATASET
ECVM210903000,1000131,20210212,covid_registry,COVIDDATASET
ECVM210903025,1000179,20210113,covid_registry,COVIDDATASET
ECVM210903028,1000007,20201222,covid_registry,COVIDDATASET
ECVM210903086,1000212,20210412,covid_registry,COVIDDATASET
ECVM210903088,1000269,20201202,covid_registry,COVIDDATASET
ECVM210903099,1000152,20210212,covid_registry,COVIDDATASET
ECVM210903120,1000052,20201230,covid_registry,COVIDDATASET
ECVM210903124,1000177,20201129,covid_registry,COVIDDATASET
ECVM210903175,1000263,20201126,covid_registry,COVIDDATASET
ECVM210903188,1000056,20200826,covid_registry,COVIDDATASET
ECVM210903209,1000215,20210227,covid_registry,COVIDDATASET
ECVM210903210,1000145,20210220,covid_registry,COVIDDATASET
ECVM210903214,1000262,20201216,covid_registry,COVIDDATASET
ECVM210903331,1000239,20210307,covid_registry,COVIDDATASET
ECVM210903350,1000214,20210113,covid_registry,COVIDDATASET
ECVM210903404,1000201,20201225,covid_registry,COVIDDATASET
ECVM210903475,1000006,20210520,covid_registry,COVIDDATASET
ECVM210903491,1000128,20200428,covid_registry,COVIDDATASET
ECVM210903499,1000245,20200607,covid_registry,COVIDDATASET
ECVM210903572,1000055,20210211,covid_registry,COVIDDATASET
ECVM210903607,1000098,20210203,covid_registry,COVIDDATASET
ECVM210903620,1000011,20201204,covid_registry,COVIDDATASET
ECVM210903627,1000062,20210219,covid_registry,COVIDDATASET
ECVM210903642,1000144,20210526,covid_registry,COVIDDATASET
ECVM210903655,1000004,20210224,covid_registry,COVIDDATASET
ECVM210903675,1000092,20201204,covid_registry,COVIDDATASET
ECVM210903676,1000023,20210106,covid_registry,COVIDDATASET
ECVM210903690,1000107,20210426,covid_registry,COVIDDATASET
ECVM210903754,1000033,20201213,covid_registry,COVIDDATASET
ECVM210903806,1000057,20210115,covid_registry,COVIDDATASET
ECVM210903822,1000196,20210102,covid_registry,COVIDDATASET
ECVM210903855,1000231,20210206,covid_registry,COVIDDATASET
ECVM210903883,1000281,20201030,covid_registry,COVIDDATASET
ECVM210903897,1000123,20201212,covid_registry,COVIDDATASET
ECVM210903962,1000111,20210110,covid_registry,COVIDDATASET
ECVM210903999,1000192,20210330,covid_registry,COVIDDATASET
ECVM210904030,1000082,20210307,covid_registry,COVIDDATASET
ECVM210904065,1000022,20201201,covid_registry,COVIDDATASET
ECVM210904106,1000066,20210510,covid_registry,COVIDDATASET
ECVM210904177,1000149,20201224,covid_registry,COVIDDATASET
ECVM210904222,1000146,20210124,covid_registry,COVIDDATASET
ECVM210904226,1000079,20210112,covid_registry,COVIDDATASET
ECVM210904354,1000232,20210110,covid_registry,COVIDDATASET
ECVM210904490,1000020,20210121,covid_registry,COVIDDATASET
ECVM210904510,1000268,20200528,covid_registry,COVIDDATASET
ECVM210904517,1000132,20210209,covid_registry,COVIDDATASET
ECVM210904540,1000219,20210130,covid_registry,COVIDDATASET
ECVM210904577,1000026,20201108,covid_registry,COVIDDATASET
ECVM210904678,1000106,20210423,covid_registry,COVIDDATASET
ECVM210904709,1000153,20201118,covid_registry,COVIDDATASET
ECVM210904750,1000287,20201129,covid_registry,COVIDDATASET
ECVM210904829,1000063,20201212,covid_registry,COVIDDATASET
ECVM210904879,1000068,20200509,covid_registry,COVIDDATASET
ECVM210904941,1000047,20210227,covid_registry,COVIDDATASET
ECVM210904943,1000088,20210306,covid_registry,COVIDDATASET
ECVM210904978,1000127,20200620,covid_registry,COVIDDATASET
ECVM210904985,1000097,20210112,covid_registry,COVIDDATASET
ECVM210905146,1000032,20201207,covid_registry,COVIDDATASET
ECVM210905196,1000170,20210313,covid_registry,COVIDDATASET
ECVM210905243,1000233,20201114,covid_registry,COVIDDATASET
ECVM210905244,1000226,20201207,covid_registry,COVIDDATASET
ECVM210905263,1000147,20210121,covid_registry,COVIDDATASET
ECVM210905280,1000221,20210225,covid_registry,COVIDDATASET
ECVM210905338,1000139,20201209,covid_registry,COVIDDATASET
ECVM210905364,1000252,20210209,covid_registry,COVIDDATASET
ECVM210905395,1000027,20201228,covid_registry,COVIDDATASET
ECVM210905445,1000039,20210115,covid_registry,COVIDDATASET
ECVM210905449,1000100,20210201,covid_registry,COVIDDATASET
ECVM210905483,1000089,20210128,covid_registry,COVIDDATASET
ECVM210905559,1000224,20200526,covid_registry,COVIDDATASET
ECVM210905595,1000291,20210219,covid_registry,COVIDDATASET
ECVM210905598,1000167,20210212,covid_registry,COVIDDATASET
ECVM210905685,1000044,20201129,covid_registry,COVIDDATASET
ECVM210905819,1000282,20210213,covid_registry,COVIDDATASET
ECVM210905829,1000159,20210202,covid_registry,COVIDDATASET
ECVM210905836,1000137,20201225,covid_registry,COVIDDATASET
ECVM210905849,1000045,20210319,covid_registry,COVIDDATASET
ECVM210905939,1000216,20210107,covid_registry,COVIDDATASET
ECVM210905946,1000029,20201214,covid_registry,COVIDDATASET
ECVM210905963,1000130,20200921,covid_registry,COVIDDATASET
ECVM210905995,1000275,20201201,covid_registry,COVIDDATASET
ECVM210906009,1000285,20210105,covid_registry,COVIDDATASET
ECVM210906038,1000160,20201216,covid_registry,COVIDDATASET
ECVM210906055,1000028,20210113,covid_registry,COVIDDATASET
ECVM210906095,1000114,20210210,covid_registry,COVIDDATASET
ECVM210906128,1000163,20210214,covid_registry,COVIDDATASET
ECVM210906161,1000104,20210118,covid_registry,COVIDDATASET
ECVM210906180,1000064,20201117,covid_registry,COVIDDATASET
ECVM210906214,1000236,20201225,covid_registry,COVIDDATASET
ECVM210906276,1000075,20200519,covid_registry,COVIDDATASET
ECVM210906299,1000164,20210213,covid_registry,COVIDDATASET
ECVM210906379,1000119,20210111,covid_registry,COVIDDATASET
ECVM210906452,1000093,20201225,covid_registry,COVIDDATASET
ECVM210906490,1000161,20201208,covid_registry,COVIDDATASET
ECVM210906493,1000094,20200623,covid_registry,COVIDDATASET
ECVM210906501,1000018,20210207,covid_registry,COVIDDATASET
ECVM210906533,1000222,20210103,covid_registry,COVIDDATASET
ECVM210906541,1000091,20210123,covid_registry,COVIDDATASET
ECVM210906575,1000072,20200530,covid_registry,COVIDDATASET
ECVM210906592,1000185,20201022,covid_registry,COVIDDATASET
ECVM210906628,1000228,20210304,covid_registry,COVIDDATASET
ECVM210906672,1000240,20201224,covid_registry,COVIDDATASET
ECVM210906721,1000059,20201030,covid_registry,COVIDDATASET
ECVM210906752,1000126,20210214,covid_registry,COVIDDATASET
ECVM210906761,1000190,20210206,covid_registry,COVIDDATASET
ECVM210906835,1000255,20201225,covid_registry,COVIDDATASET
ECVM210906995,1000084,20210124,covid_registry,COVIDDATASET
ECVM210907061,1000227,20210204,covid_registry,COVIDDATASET
ECVM210907076,1000141,20210205,covid_registry,COVIDDATASET
ECVM210907096,1000156,20210228,covid_registry,COVIDDATASET
ECVM210907096,1000157,20201219,covid_registry,COVIDDATASET
ECVM210907119,1000197,20201002,covid_registry,COVIDDATASET
ECVM210907147,1000150,20201129,covid_registry,COVIDDATASET
ECVM210907158,1000200,20210124,covid_registry,COVIDDATASET
ECVM210907162,1000204,20210101,covid_registry,COVIDDATASET
ECVM210907229,1000199,20210220,covid_registry,COVIDDATASET
ECVM210907266,1000280,20200520,covid_registry,COVIDDATASET
ECVM210907323,1000218,20210103,covid_registry,COVIDDATASET
ECVM210907343,1000180,20201215,covid_registry,COVIDDATASET
ECVM210907449,1000135,20210220,covid_registry,COVIDDATASET
ECVM210907462,1000124,20201231,covid_registry,COVIDDATASET
ECVM210907464,1000277,20210315,covid_registry,COVIDDATASET
ECVM210907478,1000085,20210204,covid_registry,COVIDDATASET
ECVM210907517,1000120,20201203,covid_registry,COVIDDATASET
ECVM210907534,1000166,20210126,covid_registry,COVIDDATASET
ECVM210907601,1000258,20210327,covid_registry,COVIDDATASET
ECVM210907606,1000273,20201224,covid_registry,COVIDDATASET
ECVM210907622,1000213,20201228,covid_registry,COVIDDATASET
ECVM210907644,1000260,20201211,covid_registry,COVIDDATASET
ECVM210907658,1000278,20201215,covid_registry,COVIDDATASET
ECVM210907694,1000293,20210111,covid_registry,COVIDDATASET
ECVM210907714,1000041,20210305,covid_registry,COVIDDATASET
ECVM210907736,1000134,20210101,covid_registry,COVIDDATASET
ECVM210907751,1000138,20210205,covid_registry,COVIDDATASET
ECVM210907775,1000217,20201225,covid_registry,COVIDDATASET
ECVM210907889,1000171,20210102,covid_registry,COVIDDATASET
ECVM210907914,1000210,20210210,covid_registry,COVIDDATASET
ECVM210907915,1000076,20201210,covid_registry,COVIDDATASET
ECVM210907944,1000173,20210416,covid_registry,COVIDDATASET
ECVM210907975,1000235,20210513,covid_registry,COVIDDATASET
ECVM210907979,1000238,20200623,covid_registry,COVIDDATASET
ECVM210908002,1000043,20210221,covid_registry,COVIDDATASET
ECVM210908021,1000071,20210119,covid_registry,COVIDDATASET
ECVM210908071,1000248,20201208,covid_registry,COVIDDATASET
ECVM210908113,1000191,20210129,covid_registry,COVIDDATASET
ECVM210908119,1000186,20210111,covid_registry,COVIDDATASET
ECVM210908137,1000125,20210212,covid_registry,COVIDDATASET
ECVM210908165,1000016,20210116,covid_registry,COVIDDATASET
ECVM210908170,1000225,20210102,covid_registry,COVIDDATASET
ECVM210908172,1000188,20210316,covid_registry,COVIDDATASET
ECVM210908175,1000237,20201226,covid_registry,COVIDDATASET
ECVM210908182,1000283,20200606,covid_registry,COVIDDATASET
ECVM210908195,1000247,20201215,covid_registry,COVIDDATASET
ECVM210908201,1000274,20210311,covid_registry,COVIDDATASET
ECVM210908290,1000015,20210125,covid_registry,COVIDDATASET
ECVM210908329,1000090,20210215,covid_registry,COVIDDATASET
ECVM210908397,1000112,20210312,covid_registry,COVIDDATASET
ECVM210908408,1000046,20200423,covid_registry,COVIDDATASET
ECVM210908468,1000176,20200607,covid_registry,COVIDDATASET
ECVM210908492,1000078,20201215,covid_registry,COVIDDATASET
ECVM210908503,1000259,20210406,covid_registry,COVIDDATASET
ECVM210908532,1000102,20210214,covid_registry,COVIDDATASET
ECVM210908590,1000254,20210218,covid_registry,COVIDDATASET
ECVM210908603,1000178,20210120,covid_registry,COVIDDATASET
ECVM210908621,1000038,20210125,covid_registry,COVIDDATASET
ECVM210908635,1000154,20210204,covid_registry,COVIDDATASET
ECVM210908640,1000058,20210209,covid_registry,COVIDDATASET
ECVM210908642,1000208,20201229,covid_registry,COVIDDATASET
ECVM210908643,1000012,20201224,covid_registry,COVIDDATASET
ECVM210908716,1000054,20210101,covid_registry,COVIDDATASET
ECVM210908718,1000189,20210216,covid_registry,COVIDDATASET
ECVM210908722,1000021,20210210,covid_registry,COVIDDATASET
ECVM210908740,1000183,20201105,covid_registry,COVIDDATASET
ECVM210908825,1000061,20200914,covid_registry,COVIDDATASET
ECVM210908829,1000065,20201123,covid_registry,COVIDDATASET
ECVM210908872,1000005,20201229,covid_registry,COVIDDATASET
ECVM210908925,1000030,20201102,covid_registry,COVIDDATASET
ECVM210908962,1000142,20210301,covid_registry,COVIDDATASET
ECVM210908974,1000116,20201104,covid_registry,COVIDDATASET
ECVM210908987,1000036,20210114,covid_registry,COVIDDATASET
ECVM210908987,1000037,20200427,covid_registry,COVIDDATASET
ECVM210900366,66882225,20201030,covid_registry,COVIDDATASET
ECVM210900371,115655314,20210427,covid_registry,COVIDDATASET
ECVM210900381,162255097,20210617,covid_registry,COVIDDATASET
ECVM210900416,66873618,20201127,covid_registry,COVIDDATASET
ECVM210900424,66854486,20201123,covid_registry,COVIDDATASET
ECVM210900017,covid_registry_BIFAP_1,20201025,covid_registry,COVIDDATASET
ECVM210900042,covid_registry_BIFAP_2,20200525,covid_registry,COVIDDATASET
ECVM210900049,covid_registry_BIFAP_3,20200925,covid_registry,COVIDDATASET
ECVM210900054,covid_registry_BIFAP_4,20210228,covid_registry,COVIDDATASET
ECVM210906412,66854486,20210412,covid_registry,COVIDDATASET

