date,daily_dose_per1M,day,prob
2022-01-01,3228.4094,1,0.0032284094
2022-01-02,3235.616,2,0.003235616
2022-01-03,3115.089,3,0.003115089
2022-01-04,2995.2136,4,0.0029952136
2022-01-05,2898.7065,5,0.0028987065
2022-01-06,2866.8743,6,0.0028668743
2022-01-07,3302.4163,7,0.0033024163
2022-01-08,3693.5093,8,0.0036935093
2022-01-09,3693.7292,9,0.0036937292
2022-01-10,3700.419,10,0.003700419
2022-01-11,3655.694,11,0.003655694
2022-01-12,3597.4453,12,0.0035974453
2022-01-13,3525.4312,13,0.0035254312
2022-01-14,3449.5667,14,0.0034495667
2022-01-15,3340.7559,15,0.0033407559
2022-01-16,3295.8213,16,0.0032958213
2022-01-17,3112.7915,17,0.0031127915
2022-01-18,2983.7778,18,0.0029837778
2022-01-19,2844.1575,19,0.0028441575
2022-01-20,2695.0046,20,0.0026950046
2022-01-21,2532.8037,21,0.0025328037
2022-01-22,2462.1628,22,0.0024621628
2022-01-23,2437.1262,23,0.0024371262
2022-01-24,2425.6736,24,0.0024256736
2022-01-25,2343.0715,25,0.0023430715
2022-01-26,2264.0942,26,0.0022640942
2022-01-27,2202.3064,27,0.0022023064
2022-01-28,2148.5806,28,0.0021485806
2022-01-29,2084.8384,29,0.0020848384
2022-01-30,2056.8433,30,0.0020568433
2022-01-31,1987.0326,31,0.0019870326
2022-02-01,1908.9044,32,0.0019089044
2022-02-02,1816.5188,33,0.0018165188
2022-02-03,1703.1404,34,0.0017031404
2022-02-04,1577.1426,35,0.0015771426
2022-02-05,1564.2047,36,0.0015642047
2022-02-06,1542.6934,37,0.0015426934
2022-02-07,1480.9572,38,0.0014809572
2022-02-08,1432.3224,39,0.0014323224
2022-02-09,1406.5466,40,0.0014065466
2022-02-10,1401.864,41,0.001401864
2022-02-11,1387.7885,42,0.0013877885
2022-02-12,1348.5161,43,0.0013485161
2022-02-13,1322.919,44,0.001322919
2022-02-14,1263.109,45,0.001263109
2022-02-15,1221.0897,46,0.0012210897
2022-02-16,1180.1588,47,0.0011801588
2022-02-17,1137.2947,48,0.0011372947
2022-02-18,1096.5483,49,0.0010965483
2022-02-19,1069.7754,50,0.0010697754
2022-02-20,1070.433,51,0.001070433
2022-02-21,1059.6128,52,0.0010596128
2022-02-22,1038.9247,53,0.0010389247
2022-02-23,1008.8574,54,0.0010088574
2022-02-24,975.6731,55,0.0009756731
2022-02-25,919.8937,56,0.0009198937
2022-02-26,903.3611,57,0.0009033611
2022-02-27,890.19824,58,0.00089019824
2022-02-28,890.1581,59,0.0008901581
2022-03-01,859.87665,60,0.00085987665
2022-03-02,824.0291,61,0.0008240291
2022-03-03,792.4117,62,0.0007924117
2022-03-04,761.0729,63,0.0007610729
2022-03-05,735.3745,64,0.0007353745
2022-03-06,720.98944,65,0.00072098944
2022-03-07,676.76166,66,0.00067676166
2022-03-08,648.5361,67,0.0006485361
2022-03-09,629.5645,68,0.0006295645
2022-03-10,612.2849,69,0.0006122849
2022-03-11,586.87396,70,0.00058687396
2022-03-12,569.93524,71,0.00056993524
2022-03-13,563.6384,72,0.0005636384
2022-03-14,556.8974,73,0.0005568974
2022-03-15,552.8619,74,0.0005528619
2022-03-16,550.69305,75,0.00055069305
2022-03-17,544.22144,76,0.00054422144
2022-03-18,541.4185,77,0.0005414185
2022-03-19,542.7215,78,0.0005427215
2022-03-20,543.566,79,0.000543566
2022-03-21,540.95844,80,0.00054095844
2022-03-22,531.63617,81,0.00053163617
2022-03-23,525.11017,82,0.00052511017
2022-03-24,521.0081,83,0.0005210081
2022-03-25,512.0314,84,0.0005120314
2022-03-26,503.01782,85,0.00050301782
2022-03-27,498.08505,86,0.00049808505
2022-03-28,490.94247,87,0.00049094247
2022-03-29,496.78168,88,0.00049678168
2022-03-30,584.35004,89,0.00058435004
2022-03-31,738.3188,90,0.0007383188
2022-04-01,919.08765,91,0.00091908765
2022-04-02,1012.2555,92,0.0010122555
2022-04-03,1073.2919,93,0.0010732919
2022-04-04,1236.0504,94,0.0012360504
2022-04-05,1386.5223,95,0.0013865223
2022-04-06,1460.4509,96,0.0014604509
2022-04-07,1472.3201,97,0.0014723201
2022-04-08,1477.467,98,0.001477467
2022-04-09,1474.5206,99,0.0014745206
2022-04-10,1469.0499,100,0.0014690499
2022-04-11,1477.7192,101,0.0014777192
2022-04-12,1503.0817,102,0.0015030817
2022-04-13,1505.4701,103,0.0015054701
2022-04-14,1508.168,104,0.001508168
2022-04-15,1463.6157,105,0.0014636157
2022-04-16,1430.6276,106,0.0014306276
2022-04-17,1373.1666,107,0.0013731666
2022-04-18,1345.9608,108,0.0013459608
2022-04-19,1315.6814,109,0.0013156814
2022-04-20,1296.3394,110,0.0012963394
2022-04-21,1261.1748,111,0.0012611748
2022-04-22,1231.208,112,0.001231208
2022-04-23,1231.5121,113,0.0012315121
2022-04-24,1262.817,114,0.001262817
2022-04-25,1225.8907,115,0.0012258907
2022-04-26,1189.489,116,0.001189489
2022-04-27,1163.7836,117,0.0011637836
2022-04-28,1152.8016,118,0.0011528016
2022-04-29,1158.9558,119,0.0011589558
2022-04-30,1151.226,120,0.001151226
2022-05-01,1151.5693,121,0.0011515693
2022-05-02,1136.7358,122,0.0011367358
2022-05-03,1121.4888,123,0.0011214888
2022-05-04,1097.0553,124,0.0010970553
2022-05-05,1068.1935,125,0.0010681935
2022-05-06,1043.972,126,0.001043972
2022-05-07,1028.8931,127,0.0010288931
2022-05-08,1010.3059,128,0.0010103059
2022-05-09,1009.11926,129,0.00100911926
2022-05-10,1009.80896,130,0.00100980896
2022-05-11,1012.3492,131,0.0010123492
2022-05-12,1021.8115,132,0.0010218115
2022-05-13,1029.5476,133,0.0010295476
2022-05-14,1043.1765,134,0.0010431765
2022-05-15,1060.1307,135,0.0010601307
2022-05-16,1058.9114,136,0.0010589114
2022-05-17,1053.9502,137,0.0010539502
2022-05-18,1052.4904,138,0.0010524904
2022-05-19,1055.4192,139,0.0010554192
2022-05-20,1072.034,140,0.001072034
2022-05-21,1085.0514,141,0.0010850514
2022-05-22,1094.6229,142,0.0010946229
2022-05-23,1115.7423,143,0.0011157423
2022-05-24,1123.1088,144,0.0011231088
2022-05-25,1121.144,145,0.001121144
2022-05-26,1105.133,146,0.001105133
2022-05-27,1077.507,147,0.001077507
2022-05-28,1048.5502,148,0.0010485502
2022-05-29,1031.0104,149,0.0010310104
2022-05-30,860.1159,150,0.0008601159
2022-05-31,838.2678,151,0.0008382678
2022-06-01,820.28174,152,0.00082028174
2022-06-02,802.3103,153,0.0008023103
2022-06-03,783.2049,154,0.0007832049
2022-06-04,779.28815,155,0.00077928815
2022-06-05,776.92316,156,0.00077692316
2022-06-06,897.9636,157,0.0008979636
2022-06-07,873.4126,158,0.0008734126
2022-06-08,851.73645,159,0.00085173645
2022-06-09,831.5247,160,0.0008315247
2022-06-10,808.413,161,0.000808413
2022-06-11,795.95917,162,0.00079595917
2022-06-12,787.44293,163,0.00078744293
2022-06-13,766.2658,164,0.0007662658
2022-06-14,749.26355,165,0.00074926355
2022-06-15,732.72345,166,0.00073272345
2022-06-16,719.3435,167,0.0007193435
2022-06-17,699.0339,168,0.0006990339
2022-06-18,685.90656,169,0.00068590656
2022-06-19,675.6344,170,0.0006756344
2022-06-20,661.1008,171,0.0006611008
2022-06-21,657.2635,172,0.0006572635
2022-06-22,658.2013,173,0.0006582013
2022-06-23,659.99866,174,0.00065999866
2022-06-24,664.3161,175,0.0006643161
2022-06-25,677.5501,176,0.0006775501
2022-06-26,684.5471,177,0.0006845471
2022-06-27,692.2803,178,0.0006922803
2022-06-28,691.2417,179,0.0006912417
2022-06-29,685.80237,180,0.00068580237
2022-06-30,683.98785,181,0.00068398785
2022-07-01,671.4261,182,0.0006714261
2022-07-02,650.9554,183,0.0006509554
2022-07-03,642.4463,184,0.0006424463
2022-07-04,541.39594,185,0.00054139594
2022-07-05,534.96484,186,0.00053496484
2022-07-06,532.09924,187,0.00053209924
2022-07-07,528.50244,188,0.00052850244
2022-07-08,539.919,189,0.000539919
2022-07-09,553.67957,190,0.00055367957
2022-07-10,561.8273,191,0.0005618273
2022-07-11,669.75793,192,0.00066975793
2022-07-12,690.71844,193,0.00069071844
2022-07-13,724.40717,194,0.00072440717
2022-07-14,763.65784,195,0.00076365784
2022-07-15,809.06934,196,0.00080906934
2022-07-16,836.79175,197,0.00083679175
2022-07-17,852.51196,198,0.00085251196
2022-07-18,890.33,199,0.00089033
2022-07-19,914.71783,200,0.00091471783
2022-07-20,913.926,201,0.000913926
2022-07-21,913.0167,202,0.0009130167
2022-07-22,912.296,203,0.000912296
2022-07-23,907.5092,204,0.0009075092
2022-07-24,900.6456,205,0.0009006456
2022-07-25,879.88513,206,0.00087988513
2022-07-26,863.59766,207,0.00086359766
2022-07-27,848.64453,208,0.00084864453
2022-07-28,824.5085,209,0.0008245085
2022-07-29,786.3885,210,0.0007863885
2022-07-30,760.5291,211,0.0007605291
2022-07-31,747.8,212,0.0007478
2022-08-01,719.3782,213,0.0007193782
2022-08-02,692.8316,214,0.0006928316
2022-08-03,669.1121,215,0.0006691121
2022-08-04,644.5214,216,0.0006445214
2022-08-05,620.88477,217,0.00062088477
2022-08-06,614.07184,218,0.00061407184
2022-08-07,611.7675,219,0.0006117675
2022-08-08,602.08014,220,0.00060208014
2022-08-09,589.3978,221,0.0005893978
2022-08-10,573.24426,222,0.00057324426
2022-08-11,560.09143,223,0.00056009143
2022-08-12,548.5105,224,0.0005485105
2022-08-13,541.2809,225,0.0005412809
2022-08-14,536.66266,226,0.00053666266
2022-08-15,526.9297,227,0.0005269297
2022-08-16,516.9186,228,0.0005169186
2022-08-17,511.5763,229,0.0005115763
2022-08-18,501.79813,230,0.00050179813
2022-08-19,490.61914,231,0.00049061914
2022-08-20,482.53754,232,0.00048253754
2022-08-21,478.7057,233,0.0004787057
2022-08-22,465.86612,234,0.00046586612
2022-08-23,454.02545,235,0.00045402545
2022-08-24,442.48257,236,0.00044248257
2022-08-25,432.5898,237,0.0004325898
2022-08-26,418.83966,238,0.00041883966
2022-08-27,414.8271,239,0.0004148271
2022-08-28,412.59598,240,0.00041259598
2022-08-29,401.94528,241,0.00040194528
2022-08-30,390.24136,242,0.00039024136
2022-08-31,373.4629,243,0.0003734629
2022-09-01,343.18814,244,0.00034318814
2022-09-02,305.58426,245,0.00030558426
2022-09-03,296.42307,246,0.00029642307
2022-09-04,298.35428,247,0.00029835428
2022-09-05,244.77753,248,0.00024477753
2022-09-06,257.1118,249,0.0002571118
2022-09-07,368.70117,250,0.00036870117
2022-09-08,508.22168,251,0.00050822168
2022-09-09,707.24426,252,0.00070724426
2022-09-10,817.2597,253,0.0008172597
2022-09-11,884.19086,254,0.00088419086
2022-09-12,1109.815,255,0.001109815
2022-09-13,1259.4105,256,0.0012594105
2022-09-14,1332.7632,257,0.0013327632
2022-09-15,1396.298,258,0.001396298
2022-09-16,1454.6268,259,0.0014546268
2022-09-17,1463.3325,260,0.0014633325
2022-09-18,1459.965,261,0.001459965
2022-09-19,1487.3765,262,0.0014873765
2022-09-20,1527.0262,263,0.0015270262
2022-09-21,1573.626,264,0.001573626
2022-09-22,1614.7615,265,0.0016147615
2022-09-23,1660.5289,266,0.0016605289
2022-09-24,1677.5897,267,0.0016775897
2022-09-25,1686.7484,268,0.0016867484
2022-09-26,1727.4965,269,0.0017274965
2022-09-27,1761.0681,270,0.0017610681
2022-09-28,1780.4094,271,0.0017804094
2022-09-29,1795.7156,272,0.0017957156
2022-09-30,1801.0918,273,0.0018010918
2022-10-01,1800.423,274,0.001800423
2022-10-02,1797.2566,275,0.0017972566
2022-10-03,1799.4341,276,0.0017994341
2022-10-04,1806.5361,277,0.0018065361
2022-10-05,1833.0171,278,0.0018330171
2022-10-06,1857.6078,279,0.0018576078
2022-10-07,1878.4293,280,0.0018784293
2022-10-08,1891.2772,281,0.0018912772
2022-10-09,1896.7601,282,0.0018967601
2022-10-10,1905.385,283,0.001905385
2022-10-11,1920.3733,284,0.0019203733
2022-10-12,1931.4092,285,0.0019314092
2022-10-13,1934.338,286,0.001934338
2022-10-14,1940.2291,287,0.0019402291
2022-10-15,1930.7726,288,0.0019307726
2022-10-16,1926.9203,289,0.0019269203
2022-10-17,1936.2797,290,0.0019362797
2022-10-18,1935.8752,291,0.0019358752
2022-10-19,1925.2614,292,0.0019252614
2022-10-20,1919.1929,293,0.0019191929
2022-10-21,1904.7882,294,0.0019047882
2022-10-22,1903.7512,295,0.0019037512
2022-10-23,1902.2274,296,0.0019022274
2022-10-24,1895.2739,297,0.0018952739
2022-10-25,1897.7756,298,0.0018977756
2022-10-26,1917.0776,299,0.0019170776
2022-10-27,1924.8368,300,0.0019248368
2022-10-28,1926.182,301,0.001926182
2022-10-29,1920.651,302,0.001920651
2022-10-30,1914.1083,303,0.0019141083
2022-10-31,1856.009,304,0.001856009
2022-11-01,1802.2985,305,0.0018022985
2022-11-02,1723.6069,306,0.0017236069
2022-11-03,1661.9916,307,0.0016619916
2022-11-04,1618.5126,308,0.0016185126
2022-11-05,1606.5643,309,0.0016065643
2022-11-06,1600.8578,310,0.0016008578
2022-11-07,1590.8441,311,0.0015908441
2022-11-08,1559.3075,312,0.0015593075
2022-11-09,1517.2418,313,0.0015172418
2022-11-10,1482.2417,314,0.0014822417
2022-11-11,1417.1819,315,0.0014171819
2022-11-12,1391.8153,316,0.0013918153
2022-11-13,1382.8745,317,0.0013828745
2022-11-14,1354.4595,318,0.0013544595
2022-11-15,1337.3651,319,0.0013373651
2022-11-16,1325.5818,320,0.0013255818
2022-11-17,1306.3529,321,0.0013063529
2022-11-18,1292.5024,322,0.0012925024
2022-11-19,1285.9735,323,0.0012859735
2022-11-20,1280.1615,324,0.0012801615
2022-11-21,1254.5928,325,0.0012545928
2022-11-22,1212.7388,326,0.0012127388
2022-11-23,1142.0204,327,0.0011420204
2022-11-24,930.2942,328,0.0009302942
2022-11-25,796.1662,329,0.0007961662
2022-11-26,764.6073,330,0.0007646073
2022-11-27,753.7015,331,0.0007537015
2022-11-28,703.53876,332,0.00070353876
2022-11-29,672.05475,333,0.00067205475
2022-11-30,703.29407,334,0.00070329407
2022-12-01,863.10913,335,0.00086310913
2022-12-02,943.181,336,0.000943181
2022-12-03,948.43756,337,0.00094843756
2022-12-04,946.69,338,0.00094669
2022-12-05,953.1152,339,0.0009531152
2022-12-06,960.2511,340,0.0009602511
2022-12-07,936.21204,341,0.00093621204
2022-12-08,932.5542,342,0.0009325542
2022-12-09,927.39386,343,0.00092739386
2022-12-10,932.3041,344,0.0009323041
2022-12-11,936.2116,345,0.0009362116
2022-12-12,942.81586,346,0.00094281586
2022-12-13,943.93353,347,0.00094393353
2022-12-14,932.9114,348,0.0009329114
2022-12-15,909.80975,349,0.00090980975
2022-12-16,890.61945,350,0.00089061945
2022-12-17,882.8306,351,0.0008828306
2022-12-18,878.5955,352,0.0008785955
2022-12-19,866.4642,353,0.0008664642
2022-12-20,845.2025,354,0.0008452025
2022-12-21,819.7727,355,0.0008197727
2022-12-22,780.1067,356,0.0007801067
2022-12-23,685.1356,357,0.0006851356
2022-12-24,618.9427,358,0.0006189427
2022-12-25,572.3466,359,0.0005723466
2022-12-26,477.22162,360,0.00047722162
2022-12-27,455.92737,361,0.00045592737
2022-12-28,444.5012,362,0.0004445012
2022-12-29,459.21506,363,0.00045921506
2022-12-30,496.88583,364,0.00049688583
2022-12-31,507.21402,365,0.00050721402
