Entity,Day,"Daily new confirmed cases of COVID-19 per million people (rolling 7-day average, right-aligned)"
France,2021-06-22,32.937588
France,2021-06-23,32.937588
France,2021-06-24,32.937588
France,2021-06-25,32.937588
France,2021-06-26,32.937588
France,2021-06-27,23.758623
France,2021-06-28,23.758623
France,2021-06-29,23.758623
France,2021-06-30,23.758623
France,2021-07-01,23.758623
France,2021-07-02,23.758623
France,2021-07-03,23.758623
France,2021-07-04,30.906214
France,2021-07-05,30.906214
France,2021-07-06,30.906214
France,2021-07-07,30.906214
France,2021-07-08,30.906214
France,2021-07-09,30.906214
France,2021-07-10,30.906214
France,2021-07-11,51.82447
France,2021-07-12,51.82447
France,2021-07-13,51.82447
France,2021-07-14,51.82447
France,2021-07-15,51.82447
France,2021-07-16,51.82447
France,2021-07-17,51.82447
France,2021-07-18,103.69339
France,2021-07-19,103.69339
France,2021-07-20,103.69339
France,2021-07-21,103.69339
France,2021-07-22,103.69339
France,2021-07-23,103.69339
France,2021-07-24,103.69339
France,2021-07-25,262.42944
France,2021-07-26,262.42944
France,2021-07-27,262.42944
France,2021-07-28,262.42944
France,2021-07-29,262.42944
France,2021-07-30,262.42944
France,2021-07-31,262.42944
France,2021-08-01,318.22556
France,2021-08-02,318.22556
France,2021-08-03,318.22556
France,2021-08-04,318.22556
France,2021-08-05,318.22556
France,2021-08-06,318.22556
France,2021-08-07,318.22556
France,2021-08-08,327.0089
France,2021-08-09,327.0089
France,2021-08-10,327.0089
France,2021-08-11,327.0089
France,2021-08-12,327.0089
France,2021-08-13,327.0089
France,2021-08-14,327.0089
France,2021-08-15,335.44333
France,2021-08-16,335.44333
France,2021-08-17,335.44333
France,2021-08-18,335.44333
France,2021-08-19,335.44333
France,2021-08-20,335.44333
France,2021-08-21,335.44333
France,2021-08-22,296.8628
France,2021-08-23,296.8628
France,2021-08-24,296.8628
France,2021-08-25,296.8628
France,2021-08-26,296.8628
France,2021-08-27,296.8628
France,2021-08-28,296.8628
France,2021-08-29,249.19662
France,2021-08-30,249.19662
France,2021-08-31,249.19662
France,2021-09-01,249.19662
France,2021-09-02,249.19662
France,2021-09-03,249.19662
France,2021-09-04,249.19662
France,2021-09-05,190.65129
France,2021-09-06,190.65129
France,2021-09-07,190.65129
France,2021-09-08,190.65129
France,2021-09-09,190.65129
France,2021-09-10,190.65129
France,2021-09-11,190.65129
France,2021-09-12,144.06305
France,2021-09-13,144.06305
France,2021-09-14,144.06305
France,2021-09-15,144.06305
France,2021-09-16,144.06305
France,2021-09-17,144.06305
France,2021-09-18,144.06305
France,2021-09-19,103.87119
France,2021-09-20,103.87119
France,2021-09-21,103.87119
France,2021-09-22,103.87119
France,2021-09-23,103.87119
France,2021-09-24,103.87119
France,2021-09-25,103.87119
France,2021-09-26,80.2637
France,2021-09-27,80.2637
France,2021-09-28,80.2637
France,2021-09-29,80.2637
France,2021-09-30,80.2637
France,2021-10-01,80.2637
France,2021-10-02,80.2637
France,2021-10-03,68.7111
France,2021-10-04,68.7111
France,2021-10-05,68.7111
France,2021-10-06,68.7111
France,2021-10-07,68.7111
France,2021-10-08,68.7111
France,2021-10-09,68.7111
France,2021-10-10,58.55423
France,2021-10-11,58.55423
France,2021-10-12,58.55423
France,2021-10-13,58.55423
France,2021-10-14,58.55423
France,2021-10-15,58.55423
France,2021-10-16,58.55423
France,2021-10-17,69.108925
France,2021-10-18,69.108925
France,2021-10-19,69.108925
France,2021-10-20,69.108925
France,2021-10-21,69.108925
France,2021-10-22,69.108925
France,2021-10-23,69.108925
France,2021-10-24,76.10094
France,2021-10-25,76.10094
France,2021-10-26,76.10094
France,2021-10-27,76.10094
France,2021-10-28,76.10094
France,2021-10-29,76.10094
France,2021-10-30,76.10094
France,2021-10-31,85.39992
France,2021-11-01,85.39992
France,2021-11-02,85.39992
France,2021-11-03,85.39992
France,2021-11-04,85.39992
France,2021-11-05,85.39992
France,2021-11-06,85.39992
France,2021-11-07,106.80713
France,2021-11-08,106.80713
France,2021-11-09,106.80713
France,2021-11-10,106.80713
France,2021-11-11,106.80713
France,2021-11-12,106.80713
France,2021-11-13,106.80713
France,2021-11-14,147.48793
France,2021-11-15,147.48793
France,2021-11-16,147.48793
France,2021-11-17,147.48793
France,2021-11-18,147.48793
France,2021-11-19,147.48793
France,2021-11-20,147.48793
France,2021-11-21,266.0366
France,2021-11-22,266.0366
France,2021-11-23,266.0366
France,2021-11-24,266.0366
France,2021-11-25,266.0366
France,2021-11-26,266.0366
France,2021-11-27,266.0366
France,2021-11-28,433.8827
France,2021-11-29,433.8827
France,2021-11-30,433.8827
France,2021-12-01,433.8827
France,2021-12-02,433.8827
France,2021-12-03,433.8827
France,2021-12-04,433.8827
France,2021-12-05,641.85846
France,2021-12-06,641.85846
France,2021-12-07,641.85846
France,2021-12-08,641.85846
France,2021-12-09,641.85846
France,2021-12-10,641.85846
France,2021-12-11,641.85846
France,2021-12-12,749.619
France,2021-12-13,749.619
France,2021-12-14,749.619
France,2021-12-15,749.619
France,2021-12-16,749.619
France,2021-12-17,749.619
France,2021-12-18,749.619
France,2021-12-19,801.5524
France,2021-12-20,801.5524
France,2021-12-21,801.5524
France,2021-12-22,801.5524
France,2021-12-23,801.5524
France,2021-12-24,801.5524
France,2021-12-25,801.5524
France,2021-12-26,1155.127
France,2021-12-27,1155.127
France,2021-12-28,1155.127
France,2021-12-29,1155.127
France,2021-12-30,1155.127
France,2021-12-31,1155.127
France,2022-01-01,1155.127
France,2022-01-02,2535.2695
France,2022-01-03,2535.2695
France,2022-01-04,2535.2695
France,2022-01-05,2535.2695
France,2022-01-06,2535.2695
France,2022-01-07,2535.2695
France,2022-01-08,2535.2695
France,2022-01-09,3836.5332
France,2022-01-10,3836.5332
France,2022-01-11,3836.5332
France,2022-01-12,3836.5332
France,2022-01-13,3836.5332
France,2022-01-14,3836.5332
France,2022-01-15,3836.5332
France,2022-01-16,4360.3677
France,2022-01-17,4360.3677
France,2022-01-18,4360.3677
France,2022-01-19,4360.3677
France,2022-01-20,4360.3677
France,2022-01-21,4360.3677
France,2022-01-22,4360.3677
France,2022-01-23,5371.9004
France,2022-01-24,5371.9004
France,2022-01-25,5371.9004
France,2022-01-26,5371.9004
France,2022-01-27,5371.9004
France,2022-01-28,5371.9004
France,2022-01-29,5371.9004
France,2022-01-30,5177.055
France,2022-01-31,5177.055
France,2022-02-01,5177.055
France,2022-02-02,5177.055
France,2022-02-03,5177.055
France,2022-02-04,5177.055
France,2022-02-05,5177.055
France,2022-02-06,3795.1301
France,2022-02-07,3795.1301
France,2022-02-08,3795.1301
France,2022-02-09,3795.1301
France,2022-02-10,3795.1301
France,2022-02-11,3795.1301
France,2022-02-12,3795.1301
France,2022-02-13,2130.584
France,2022-02-14,2130.584
France,2022-02-15,2130.584
France,2022-02-16,2130.584
France,2022-02-17,2130.584
France,2022-02-18,2130.584
France,2022-02-19,2130.584
France,2022-02-20,1257.8224
France,2022-02-21,1257.8224
France,2022-02-22,1257.8224
France,2022-02-23,1257.8224
France,2022-02-24,1257.8224
France,2022-02-25,1257.8224
France,2022-02-26,1257.8224
France,2022-02-27,874.6663
France,2022-02-28,874.6663
France,2022-03-01,874.6663
France,2022-03-02,874.6663
France,2022-03-03,874.6663
France,2022-03-04,874.6663
France,2022-03-05,874.6663
France,2022-03-06,774.0644
France,2022-03-07,774.0644
France,2022-03-08,774.0644
France,2022-03-09,774.0644
France,2022-03-10,774.0644
France,2022-03-11,774.0644
France,2022-03-12,774.0644
France,2022-03-13,931.7381
France,2022-03-14,931.7381
France,2022-03-15,931.7381
France,2022-03-16,931.7381
France,2022-03-17,931.7381
France,2022-03-18,931.7381
France,2022-03-19,931.7381
France,2022-03-20,1303.1194
France,2022-03-21,1303.1194
France,2022-03-22,1303.1194
France,2022-03-23,1303.1194
France,2022-03-24,1303.1194
France,2022-03-25,1303.1194
France,2022-03-26,1303.1194
France,2022-03-27,1893.5624
France,2022-03-28,1893.5624
France,2022-03-29,1893.5624
France,2022-03-30,1893.5624
France,2022-03-31,1893.5624
France,2022-04-01,1893.5624
France,2022-04-02,1893.5624
France,2022-04-03,2132.1821
France,2022-04-04,2132.1821
France,2022-04-05,2132.1821
France,2022-04-06,2132.1821
France,2022-04-07,2132.1821
France,2022-04-08,2132.1821
France,2022-04-09,2132.1821
France,2022-04-10,2063.3176
France,2022-04-11,2063.3176
France,2022-04-12,2063.3176
France,2022-04-13,2063.3176
France,2022-04-14,2063.3176
France,2022-04-15,2063.3176
France,2022-04-16,2063.3176
France,2022-04-17,1827.8761
France,2022-04-18,1827.8761
France,2022-04-19,1827.8761
France,2022-04-20,1827.8761
France,2022-04-21,1827.8761
France,2022-04-22,1827.8761
France,2022-04-23,1827.8761
France,2022-04-24,1198.2903
France,2022-04-25,1198.2903
France,2022-04-26,1198.2903
France,2022-04-27,1198.2903
France,2022-04-28,1198.2903
France,2022-04-29,1198.2903
France,2022-04-30,1198.2903
France,2022-05-01,836.79694
France,2022-05-02,836.79694
France,2022-05-03,836.79694
France,2022-05-04,836.79694
France,2022-05-05,836.79694
France,2022-05-06,836.79694
France,2022-05-07,836.79694
France,2022-05-08,588.80493
France,2022-05-09,588.80493
France,2022-05-10,588.80493
France,2022-05-11,588.80493
France,2022-05-12,588.80493
France,2022-05-13,588.80493
France,2022-05-14,588.80493
France,2022-05-15,481.6511
France,2022-05-16,481.6511
France,2022-05-17,481.6511
France,2022-05-18,481.6511
France,2022-05-19,481.6511
France,2022-05-20,481.6511
France,2022-05-21,481.6511
France,2022-05-22,360.57767
France,2022-05-23,360.57767
France,2022-05-24,360.57767
France,2022-05-25,360.57767
France,2022-05-26,360.57767
France,2022-05-27,360.57767
France,2022-05-28,360.57767
France,2022-05-29,251.93254
France,2022-05-30,251.93254
France,2022-05-31,251.93254
France,2022-06-01,251.93254
France,2022-06-02,251.93254
France,2022-06-03,251.93254
France,2022-06-04,251.93254
France,2022-06-05,329.0936
France,2022-06-06,329.0936
France,2022-06-07,329.0936
France,2022-06-08,329.0936
France,2022-06-09,329.0936
France,2022-06-10,329.0936
France,2022-06-11,329.0936
France,2022-06-12,430.7512
France,2022-06-13,430.7512
France,2022-06-14,430.7512
France,2022-06-15,430.7512
France,2022-06-16,430.7512
France,2022-06-17,430.7512
France,2022-06-18,430.7512
France,2022-06-19,662.1455
France,2022-06-20,662.1455
France,2022-06-21,662.1455
France,2022-06-22,662.1455
France,2022-06-23,662.1455
France,2022-06-24,662.1455
France,2022-06-25,662.1455
France,2022-06-26,1015.03107
France,2022-06-27,1015.03107
France,2022-06-28,1015.03107
France,2022-06-29,1015.03107
France,2022-06-30,1015.03107
France,2022-07-01,1015.03107
France,2022-07-02,1015.03107
France,2022-07-03,1625.9567
France,2022-07-04,1625.9567
France,2022-07-05,1625.9567
France,2022-07-06,1625.9567
France,2022-07-07,1625.9567
France,2022-07-08,1625.9567
France,2022-07-09,1625.9567
France,2022-07-10,2009.0795
France,2022-07-11,2009.0795
France,2022-07-12,2009.0795
France,2022-07-13,2009.0795
France,2022-07-14,2009.0795
France,2022-07-15,2009.0795
France,2022-07-16,2009.0795
France,2022-07-17,1519.7163
France,2022-07-18,1519.7163
France,2022-07-19,1519.7163
France,2022-07-20,1519.7163
France,2022-07-21,1519.7163
France,2022-07-22,1519.7163
France,2022-07-23,1519.7163
France,2022-07-24,1160.8077
France,2022-07-25,1160.8077
France,2022-07-26,1160.8077
France,2022-07-27,1160.8077
France,2022-07-28,1160.8077
France,2022-07-29,1160.8077
France,2022-07-30,1160.8077
France,2022-07-31,732.16345
France,2022-08-01,732.16345
France,2022-08-02,732.16345
France,2022-08-03,732.16345
France,2022-08-04,732.16345
France,2022-08-05,732.16345
France,2022-08-06,732.16345
France,2022-08-07,471.60535
France,2022-08-08,471.60535
France,2022-08-09,471.60535
France,2022-08-10,471.60535
France,2022-08-11,471.60535
France,2022-08-12,471.60535
France,2022-08-13,471.60535
France,2022-08-14,336.0123
France,2022-08-15,336.0123
France,2022-08-16,336.0123
France,2022-08-17,336.0123
France,2022-08-18,336.0123
France,2022-08-19,336.0123
France,2022-08-20,336.0123
France,2022-08-21,264.95865
France,2022-08-22,264.95865
France,2022-08-23,264.95865
France,2022-08-24,264.95865
France,2022-08-25,264.95865
France,2022-08-26,264.95865
France,2022-08-27,264.95865
France,2022-08-28,260.12027
France,2022-08-29,260.12027
France,2022-08-30,260.12027
France,2022-08-31,260.12027
France,2022-09-01,260.12027
France,2022-09-02,260.12027
France,2022-09-03,260.12027
France,2022-09-04,236.85503
France,2022-09-05,236.85503
France,2022-09-06,236.85503
France,2022-09-07,236.85503
France,2022-09-08,236.85503
France,2022-09-09,236.85503
France,2022-09-10,236.85503
France,2022-09-11,249.75226
France,2022-09-12,249.75226
France,2022-09-13,249.75226
France,2022-09-14,249.75226
France,2022-09-15,249.75226
France,2022-09-16,249.75226
France,2022-09-17,249.75226
France,2022-09-18,419.72754
France,2022-09-19,419.72754
France,2022-09-20,419.72754
France,2022-09-21,419.72754
France,2022-09-22,419.72754
France,2022-09-23,419.72754
France,2022-09-24,419.72754
France,2022-09-25,512.804
France,2022-09-26,512.804
France,2022-09-27,512.804
France,2022-09-28,512.804
France,2022-09-29,512.804
France,2022-09-30,512.804
France,2022-10-01,512.804
France,2022-10-02,689.23126
France,2022-10-03,689.23126
France,2022-10-04,689.23126
France,2022-10-05,689.23126
France,2022-10-06,689.23126
France,2022-10-07,689.23126
France,2022-10-08,689.23126
France,2022-10-09,856.71954
France,2022-10-10,856.71954
France,2022-10-11,856.71954
France,2022-10-12,856.71954
France,2022-10-13,856.71954
France,2022-10-14,856.71954
France,2022-10-15,856.71954
France,2022-10-16,871.38586
France,2022-10-17,871.38586
France,2022-10-18,871.38586
France,2022-10-19,871.38586
France,2022-10-20,871.38586
France,2022-10-21,871.38586
France,2022-10-22,871.38586
France,2022-10-23,774.86896
France,2022-10-24,774.86896
France,2022-10-25,774.86896
France,2022-10-26,774.86896
France,2022-10-27,774.86896
France,2022-10-28,774.86896
France,2022-10-29,774.86896
France,2022-10-30,495.36398
France,2022-10-31,495.36398
France,2022-11-01,495.36398
France,2022-11-02,495.36398
France,2022-11-03,495.36398
France,2022-11-04,495.36398
France,2022-11-05,495.36398
France,2022-11-06,341.4152
France,2022-11-07,341.4152
France,2022-11-08,341.4152
France,2022-11-09,341.4152
France,2022-11-10,341.4152
France,2022-11-11,341.4152
France,2022-11-12,341.4152
France,2022-11-13,335.72113
France,2022-11-14,335.72113
France,2022-11-15,335.72113
France,2022-11-16,335.72113
France,2022-11-17,335.72113
France,2022-11-18,335.72113
France,2022-11-19,335.72113
France,2022-11-20,492.70584
France,2022-11-21,492.70584
France,2022-11-22,492.70584
France,2022-11-23,492.70584
France,2022-11-24,492.70584
France,2022-11-25,492.70584
France,2022-11-26,492.70584
France,2022-11-27,652.59985
France,2022-11-28,652.59985
France,2022-11-29,652.59985
France,2022-11-30,652.59985
France,2022-12-01,652.59985
France,2022-12-02,652.59985
France,2022-12-03,652.59985
France,2022-12-04,853.5991
France,2022-12-05,853.5991
France,2022-12-06,853.5991
France,2022-12-07,853.5991
France,2022-12-08,853.5991
France,2022-12-09,853.5991
France,2022-12-10,853.5991
France,2022-12-11,954.9656
France,2022-12-12,954.9656
France,2022-12-13,954.9656
France,2022-12-14,954.9656
France,2022-12-15,954.9656
France,2022-12-16,954.9656
France,2022-12-17,954.9656
France,2022-12-18,869.42786
France,2022-12-19,869.42786
France,2022-12-20,869.42786
France,2022-12-21,869.42786
France,2022-12-22,869.42786
France,2022-12-23,869.42786
France,2022-12-24,869.42786
France,2022-12-25,666.4016
France,2022-12-26,666.4016
France,2022-12-27,666.4016
France,2022-12-28,666.4016
France,2022-12-29,666.4016
France,2022-12-30,666.4016
France,2022-12-31,666.4016
France,2023-01-01,337.1702
France,2023-01-02,337.1702
France,2023-01-03,337.1702
France,2023-01-04,337.1702
France,2023-01-05,337.1702
France,2023-01-06,337.1702
France,2023-01-07,337.1702
France,2023-01-08,179.6432
France,2023-01-09,179.6432
France,2023-01-10,179.6432
France,2023-01-11,179.6432
France,2023-01-12,179.6432
France,2023-01-13,179.6432
France,2023-01-14,179.6432
France,2023-01-15,96.73249
France,2023-01-16,96.73249
France,2023-01-17,96.73249
France,2023-01-18,96.73249
France,2023-01-19,96.73249
France,2023-01-20,96.73249
France,2023-01-21,96.73249
France,2023-01-22,70.43799
France,2023-01-23,70.43799
France,2023-01-24,70.43799
France,2023-01-25,70.43799
France,2023-01-26,70.43799
France,2023-01-27,70.43799
France,2023-01-28,70.43799
France,2023-01-29,66.67306
France,2023-01-30,66.67306
France,2023-01-31,66.67306
France,2023-02-01,66.67306
France,2023-02-02,66.67306
France,2023-02-03,66.67306
France,2023-02-04,66.67306
France,2023-02-05,58.0675
France,2023-02-06,58.0675
France,2023-02-07,58.0675
France,2023-02-08,58.0675
France,2023-02-09,58.0675
France,2023-02-10,58.0675
France,2023-02-11,58.0675
France,2023-02-12,50.106472
France,2023-02-13,50.106472
France,2023-02-14,50.106472
France,2023-02-15,50.106472
France,2023-02-16,50.106472
France,2023-02-17,50.106472
France,2023-02-18,50.106472
France,2023-02-19,53.598034
France,2023-02-20,53.598034
France,2023-02-21,53.598034
France,2023-02-22,53.598034
France,2023-02-23,53.598034
France,2023-02-24,53.598034
France,2023-02-25,53.598034
France,2023-02-26,58.394207
France,2023-02-27,58.394207
France,2023-02-28,58.394207
France,2023-03-01,58.394207
France,2023-03-02,58.394207
France,2023-03-03,58.394207
France,2023-03-04,58.394207
France,2023-03-05,56.26949
France,2023-03-06,56.26949
France,2023-03-07,56.26949
France,2023-03-08,56.26949
France,2023-03-09,56.26949
France,2023-03-10,56.26949
France,2023-03-11,56.26949
France,2023-03-12,79.67918
France,2023-03-13,79.67918
France,2023-03-14,79.67918
France,2023-03-15,79.67918
France,2023-03-16,79.67918
France,2023-03-17,79.67918
France,2023-03-18,79.67918
France,2023-03-19,102.91329
France,2023-03-20,102.91329
France,2023-03-21,102.91329
France,2023-03-22,102.91329
France,2023-03-23,102.91329
France,2023-03-24,102.91329
France,2023-03-25,102.91329
France,2023-03-26,121.33345
France,2023-03-27,121.33345
France,2023-03-28,121.33345
France,2023-03-29,121.33345
France,2023-03-30,121.33345
France,2023-03-31,121.33345
France,2023-04-01,121.33345
France,2023-04-02,127.30978
France,2023-04-03,127.30978
Germany,2021-06-22,12.376751
Germany,2021-06-23,12.376751
Germany,2021-06-24,12.376751
Germany,2021-06-25,12.376751
Germany,2021-06-26,12.376751
Germany,2021-06-27,8.255132
Germany,2021-06-28,8.255132
Germany,2021-06-29,8.255132
Germany,2021-06-30,8.255132
Germany,2021-07-01,8.255132
Germany,2021-07-02,8.255132
Germany,2021-07-03,8.255132
Germany,2021-07-04,7.4549327
Germany,2021-07-05,7.4549327
Germany,2021-07-06,7.4549327
Germany,2021-07-07,7.4549327
Germany,2021-07-08,7.4549327
Germany,2021-07-09,7.4549327
Germany,2021-07-10,7.4549327
Germany,2021-07-11,9.508946
Germany,2021-07-12,9.508946
Germany,2021-07-13,9.508946
Germany,2021-07-14,9.508946
Germany,2021-07-15,9.508946
Germany,2021-07-16,9.508946
Germany,2021-07-17,9.508946
Germany,2021-07-18,15.482407
Germany,2021-07-19,15.482407
Germany,2021-07-20,15.482407
Germany,2021-07-21,15.482407
Germany,2021-07-22,15.482407
Germany,2021-07-23,15.482407
Germany,2021-07-24,15.482407
Germany,2021-07-25,21.484749
Germany,2021-07-26,21.484749
Germany,2021-07-27,21.484749
Germany,2021-07-28,21.484749
Germany,2021-07-29,21.484749
Germany,2021-07-30,21.484749
Germany,2021-07-31,21.484749
Germany,2021-08-01,26.37089
Germany,2021-08-02,26.37089
Germany,2021-08-03,26.37089
Germany,2021-08-04,26.37089
Germany,2021-08-05,26.37089
Germany,2021-08-06,26.37089
Germany,2021-08-07,26.37089
Germany,2021-08-08,34.697376
Germany,2021-08-09,34.697376
Germany,2021-08-10,34.697376
Germany,2021-08-11,34.697376
Germany,2021-08-12,34.697376
Germany,2021-08-13,34.697376
Germany,2021-08-14,34.697376
Germany,2021-08-15,54.49678
Germany,2021-08-16,54.49678
Germany,2021-08-17,54.49678
Germany,2021-08-18,54.49678
Germany,2021-08-19,54.49678
Germany,2021-08-20,54.49678
Germany,2021-08-21,54.49678
Germany,2021-08-22,84.35558
Germany,2021-08-23,84.35558
Germany,2021-08-24,84.35558
Germany,2021-08-25,84.35558
Germany,2021-08-26,84.35558
Germany,2021-08-27,84.35558
Germany,2021-08-28,84.35558
Germany,2021-08-29,112.7601
Germany,2021-08-30,112.7601
Germany,2021-08-31,112.7601
Germany,2021-09-01,112.7601
Germany,2021-09-02,112.7601
Germany,2021-09-03,112.7601
Germany,2021-09-04,112.7601
Germany,2021-09-05,126.973404
Germany,2021-09-06,126.973404
Germany,2021-09-07,126.973404
Germany,2021-09-08,126.973404
Germany,2021-09-09,126.973404
Germany,2021-09-10,126.973404
Germany,2021-09-11,126.973404
Germany,2021-09-12,121.738976
Germany,2021-09-13,121.738976
Germany,2021-09-14,121.738976
Germany,2021-09-15,121.738976
Germany,2021-09-16,121.738976
Germany,2021-09-17,121.738976
Germany,2021-09-18,121.738976
Germany,2021-09-19,104.43531
Germany,2021-09-20,104.43531
Germany,2021-09-21,104.43531
Germany,2021-09-22,104.43531
Germany,2021-09-23,104.43531
Germany,2021-09-24,104.43531
Germany,2021-09-25,104.43531
Germany,2021-09-26,91.10206
Germany,2021-09-27,91.10206
Germany,2021-09-28,91.10206
Germany,2021-09-29,91.10206
Germany,2021-09-30,91.10206
Germany,2021-10-01,91.10206
Germany,2021-10-02,91.10206
Germany,2021-10-03,95.95762
Germany,2021-10-04,95.95762
Germany,2021-10-05,95.95762
Germany,2021-10-06,95.95762
Germany,2021-10-07,95.95762
Germany,2021-10-08,95.95762
Germany,2021-10-09,95.95762
Germany,2021-10-10,98.58078
Germany,2021-10-11,98.58078
Germany,2021-10-12,98.58078
Germany,2021-10-13,98.58078
Germany,2021-10-14,98.58078
Germany,2021-10-15,98.58078
Germany,2021-10-16,98.58078
Germany,2021-10-17,111.04078
Germany,2021-10-18,111.04078
Germany,2021-10-19,111.04078
Germany,2021-10-20,111.04078
Germany,2021-10-21,111.04078
Germany,2021-10-22,111.04078
Germany,2021-10-23,111.04078
Germany,2021-10-24,166.02515
Germany,2021-10-25,166.02515
Germany,2021-10-26,166.02515
Germany,2021-10-27,166.02515
Germany,2021-10-28,166.02515
Germany,2021-10-29,166.02515
Germany,2021-10-30,166.02515
Germany,2021-10-31,232.77296
Germany,2021-11-01,232.77296
Germany,2021-11-02,232.77296
Germany,2021-11-03,232.77296
Germany,2021-11-04,232.77296
Germany,2021-11-05,232.77296
Germany,2021-11-06,232.77296
Germany,2021-11-07,302.1864
Germany,2021-11-08,302.1864
Germany,2021-11-09,302.1864
Germany,2021-11-10,302.1864
Germany,2021-11-11,302.1864
Germany,2021-11-12,302.1864
Germany,2021-11-13,302.1864
Germany,2021-11-14,460.70734
Germany,2021-11-15,460.70734
Germany,2021-11-16,460.70734
Germany,2021-11-17,460.70734
Germany,2021-11-18,460.70734
Germany,2021-11-19,460.70734
Germany,2021-11-20,460.70734
Germany,2021-11-21,597.43774
Germany,2021-11-22,597.43774
Germany,2021-11-23,597.43774
Germany,2021-11-24,597.43774
Germany,2021-11-25,597.43774
Germany,2021-11-26,597.43774
Germany,2021-11-27,597.43774
Germany,2021-11-28,685.2626
Germany,2021-11-29,685.2626
Germany,2021-11-30,685.2626
Germany,2021-12-01,685.2626
Germany,2021-12-02,685.2626
Germany,2021-12-03,685.2626
Germany,2021-12-04,685.2626
Germany,2021-12-05,659.27905
Germany,2021-12-06,659.27905
Germany,2021-12-07,659.27905
Germany,2021-12-08,659.27905
Germany,2021-12-09,659.27905
Germany,2021-12-10,659.27905
Germany,2021-12-11,659.27905
Germany,2021-12-12,574.254
Germany,2021-12-13,574.254
Germany,2021-12-14,574.254
Germany,2021-12-15,574.254
Germany,2021-12-16,574.254
Germany,2021-12-17,574.254
Germany,2021-12-18,574.254
Germany,2021-12-19,464.66418
Germany,2021-12-20,464.66418
Germany,2021-12-21,464.66418
Germany,2021-12-22,464.66418
Germany,2021-12-23,464.66418
Germany,2021-12-24,464.66418
Germany,2021-12-25,464.66418
Germany,2021-12-26,329.30823
Germany,2021-12-27,329.30823
Germany,2021-12-28,329.30823
Germany,2021-12-29,329.30823
Germany,2021-12-30,329.30823
Germany,2021-12-31,329.30823
Germany,2022-01-01,329.30823
Germany,2022-01-02,354.56122
Germany,2022-01-03,354.56122
Germany,2022-01-04,354.56122
Germany,2022-01-05,354.56122
Germany,2022-01-06,354.56122
Germany,2022-01-07,354.56122
Germany,2022-01-08,354.56122
Germany,2022-01-09,574.04
Germany,2022-01-10,574.04
Germany,2022-01-11,574.04
Germany,2022-01-12,574.04
Germany,2022-01-13,574.04
Germany,2022-01-14,574.04
Germany,2022-01-15,574.04
Germany,2022-01-16,825.8937
Germany,2022-01-17,825.8937
Germany,2022-01-18,825.8937
Germany,2022-01-19,825.8937
Germany,2022-01-20,825.8937
Germany,2022-01-21,825.8937
Germany,2022-01-22,825.8937
Germany,2022-01-23,1353.7379
Germany,2022-01-24,1353.7379
Germany,2022-01-25,1353.7379
Germany,2022-01-26,1353.7379
Germany,2022-01-27,1353.7379
Germany,2022-01-28,1353.7379
Germany,2022-01-29,1353.7379
Germany,2022-01-30,1893.213
Germany,2022-01-31,1893.213
Germany,2022-02-01,1893.213
Germany,2022-02-02,1893.213
Germany,2022-02-03,1893.213
Germany,2022-02-04,1893.213
Germany,2022-02-05,1893.213
Germany,2022-02-06,2196.283
Germany,2022-02-07,2196.283
Germany,2022-02-08,2196.283
Germany,2022-02-09,2196.283
Germany,2022-02-10,2196.283
Germany,2022-02-11,2196.283
Germany,2022-02-12,2196.283
Germany,2022-02-13,2225.3433
Germany,2022-02-14,2225.3433
Germany,2022-02-15,2225.3433
Germany,2022-02-16,2225.3433
Germany,2022-02-17,2225.3433
Germany,2022-02-18,2225.3433
Germany,2022-02-19,2225.3433
Germany,2022-02-20,2027.2914
Germany,2022-02-21,2027.2914
Germany,2022-02-22,2027.2914
Germany,2022-02-23,2027.2914
Germany,2022-02-24,2027.2914
Germany,2022-02-25,2027.2914
Germany,2022-02-26,2027.2914
Germany,2022-02-27,1857.0953
Germany,2022-02-28,1857.0953
Germany,2022-03-01,1857.0953
Germany,2022-03-02,1857.0953
Germany,2022-03-03,1857.0953
Germany,2022-03-04,1857.0953
Germany,2022-03-05,1857.0953
Germany,2022-03-06,1926.609
Germany,2022-03-07,1926.609
Germany,2022-03-08,1926.609
Germany,2022-03-09,1926.609
Germany,2022-03-10,1926.609
Germany,2022-03-11,1926.609
Germany,2022-03-12,1926.609
Germany,2022-03-13,2402.0342
Germany,2022-03-14,2402.0342
Germany,2022-03-15,2402.0342
Germany,2022-03-16,2402.0342
Germany,2022-03-17,2402.0342
Germany,2022-03-18,2402.0342
Germany,2022-03-19,2402.0342
Germany,2022-03-20,2688.5735
Germany,2022-03-21,2688.5735
Germany,2022-03-22,2688.5735
Germany,2022-03-23,2688.5735
Germany,2022-03-24,2688.5735
Germany,2022-03-25,2688.5735
Germany,2022-03-26,2688.5735
Germany,2022-03-27,2699.4246
Germany,2022-03-28,2699.4246
Germany,2022-03-29,2699.4246
Germany,2022-03-30,2699.4246
Germany,2022-03-31,2699.4246
Germany,2022-04-01,2699.4246
Germany,2022-04-02,2699.4246
Germany,2022-04-03,2200.335
Germany,2022-04-04,2200.335
Germany,2022-04-05,2200.335
Germany,2022-04-06,2200.335
Germany,2022-04-07,2200.335
Germany,2022-04-08,2200.335
Germany,2022-04-09,2200.335
Germany,2022-04-10,1672.7727
Germany,2022-04-11,1672.7727
Germany,2022-04-12,1672.7727
Germany,2022-04-13,1672.7727
Germany,2022-04-14,1672.7727
Germany,2022-04-15,1672.7727
Germany,2022-04-16,1672.7727
Germany,2022-04-17,1323.383
Germany,2022-04-18,1323.383
Germany,2022-04-19,1323.383
Germany,2022-04-20,1323.383
Germany,2022-04-21,1323.383
Germany,2022-04-22,1323.383
Germany,2022-04-23,1323.383
Germany,2022-04-24,1242.7701
Germany,2022-04-25,1242.7701
Germany,2022-04-26,1242.7701
Germany,2022-04-27,1242.7701
Germany,2022-04-28,1242.7701
Germany,2022-04-29,1242.7701
Germany,2022-04-30,1242.7701
Germany,2022-05-01,1014.12396
Germany,2022-05-02,1014.12396
Germany,2022-05-03,1014.12396
Germany,2022-05-04,1014.12396
Germany,2022-05-05,1014.12396
Germany,2022-05-06,1014.12396
Germany,2022-05-07,1014.12396
Germany,2022-05-08,800.94653
Germany,2022-05-09,800.94653
Germany,2022-05-10,800.94653
Germany,2022-05-11,800.94653
Germany,2022-05-12,800.94653
Germany,2022-05-13,800.94653
Germany,2022-05-14,800.94653
Germany,2022-05-15,694.4317
Germany,2022-05-16,694.4317
Germany,2022-05-17,694.4317
Germany,2022-05-18,694.4317
Germany,2022-05-19,694.4317
Germany,2022-05-20,694.4317
Germany,2022-05-21,694.4317
Germany,2022-05-22,496.94736
Germany,2022-05-23,496.94736
Germany,2022-05-24,496.94736
Germany,2022-05-25,496.94736
Germany,2022-05-26,496.94736
Germany,2022-05-27,496.94736
Germany,2022-05-28,496.94736
Germany,2022-05-29,317.97122
Germany,2022-05-30,317.97122
Germany,2022-05-31,317.97122
Germany,2022-06-01,317.97122
Germany,2022-06-02,317.97122
Germany,2022-06-03,317.97122
Germany,2022-06-04,317.97122
Germany,2022-06-05,416.47894
Germany,2022-06-06,416.47894
Germany,2022-06-07,416.47894
Germany,2022-06-08,416.47894
Germany,2022-06-09,416.47894
Germany,2022-06-10,416.47894
Germany,2022-06-11,416.47894
Germany,2022-06-12,563.08527
Germany,2022-06-13,563.08527
Germany,2022-06-14,563.08527
Germany,2022-06-15,563.08527
Germany,2022-06-16,563.08527
Germany,2022-06-17,563.08527
Germany,2022-06-18,563.08527
Germany,2022-06-19,703.0046
Germany,2022-06-20,703.0046
Germany,2022-06-21,703.0046
Germany,2022-06-22,703.0046
Germany,2022-06-23,703.0046
Germany,2022-06-24,703.0046
Germany,2022-06-25,703.0046
Germany,2022-06-26,975.5717
Germany,2022-06-27,975.5717
Germany,2022-06-28,975.5717
Germany,2022-06-29,975.5717
Germany,2022-06-30,975.5717
Germany,2022-07-01,975.5717
Germany,2022-07-02,975.5717
Germany,2022-07-03,1058.0568
Germany,2022-07-04,1058.0568
Germany,2022-07-05,1058.0568
Germany,2022-07-06,1058.0568
Germany,2022-07-07,1058.0568
Germany,2022-07-08,1058.0568
Germany,2022-07-09,1058.0568
Germany,2022-07-10,1069.2239
Germany,2022-07-11,1069.2239
Germany,2022-07-12,1069.2239
Germany,2022-07-13,1069.2239
Germany,2022-07-14,1069.2239
Germany,2022-07-15,1069.2239
Germany,2022-07-16,1069.2239
Germany,2022-07-17,1147.0028
Germany,2022-07-18,1147.0028
Germany,2022-07-19,1147.0028
Germany,2022-07-20,1147.0028
Germany,2022-07-21,1147.0028
Germany,2022-07-22,1147.0028
Germany,2022-07-23,1147.0028
Germany,2022-07-24,1065.5371
Germany,2022-07-25,1065.5371
Germany,2022-07-26,1065.5371
Germany,2022-07-27,1065.5371
Germany,2022-07-28,1065.5371
Germany,2022-07-29,1065.5371
Germany,2022-07-30,1065.5371
Germany,2022-07-31,842.212
Germany,2022-08-01,842.212
Germany,2022-08-02,842.212
Germany,2022-08-03,842.212
Germany,2022-08-04,842.212
Germany,2022-08-05,842.212
Germany,2022-08-06,842.212
Germany,2022-08-07,616.60516
Germany,2022-08-08,616.60516
Germany,2022-08-09,616.60516
Germany,2022-08-10,616.60516
Germany,2022-08-11,616.60516
Germany,2022-08-12,616.60516
Germany,2022-08-13,616.60516
Germany,2022-08-14,506.7791
Germany,2022-08-15,506.7791
Germany,2022-08-16,506.7791
Germany,2022-08-17,506.7791
Germany,2022-08-18,506.7791
Germany,2022-08-19,506.7791
Germany,2022-08-20,506.7791
Germany,2022-08-21,447.37918
Germany,2022-08-22,447.37918
Germany,2022-08-23,447.37918
Germany,2022-08-24,447.37918
Germany,2022-08-25,447.37918
Germany,2022-08-26,447.37918
Germany,2022-08-27,447.37918
Germany,2022-08-28,387.3218
Germany,2022-08-29,387.3218
Germany,2022-08-30,387.3218
Germany,2022-08-31,387.3218
Germany,2022-09-01,387.3218
Germany,2022-09-02,387.3218
Germany,2022-09-03,387.3218
Germany,2022-09-04,342.77228
Germany,2022-09-05,342.77228
Germany,2022-09-06,342.77228
Germany,2022-09-07,342.77228
Germany,2022-09-08,342.77228
Germany,2022-09-09,342.77228
Germany,2022-09-10,342.77228
Germany,2022-09-11,346.7257
Germany,2022-09-12,346.7257
Germany,2022-09-13,346.7257
Germany,2022-09-14,346.7257
Germany,2022-09-15,346.7257
Germany,2022-09-16,346.7257
Germany,2022-09-17,346.7257
Germany,2022-09-18,388.9086
Germany,2022-09-19,388.9086
Germany,2022-09-20,388.9086
Germany,2022-09-21,388.9086
Germany,2022-09-22,388.9086
Germany,2022-09-23,388.9086
Germany,2022-09-24,388.9086
Germany,2022-09-25,486.80472
Germany,2022-09-26,486.80472
Germany,2022-09-27,486.80472
Germany,2022-09-28,486.80472
Germany,2022-09-29,486.80472
Germany,2022-09-30,486.80472
Germany,2022-10-01,486.80472
Germany,2022-10-02,779.5603
Germany,2022-10-03,779.5603
Germany,2022-10-04,779.5603
Germany,2022-10-05,779.5603
Germany,2022-10-06,779.5603
Germany,2022-10-07,779.5603
Germany,2022-10-08,779.5603
Germany,2022-10-09,1009.2922
Germany,2022-10-10,1009.2922
Germany,2022-10-11,1009.2922
Germany,2022-10-12,1009.2922
Germany,2022-10-13,1009.2922
Germany,2022-10-14,1009.2922
Germany,2022-10-15,1009.2922
Germany,2022-10-16,1095.7902
Germany,2022-10-17,1095.7902
Germany,2022-10-18,1095.7902
Germany,2022-10-19,1095.7902
Germany,2022-10-20,1095.7902
Germany,2022-10-21,1095.7902
Germany,2022-10-22,1095.7902
Germany,2022-10-23,925.2679
Germany,2022-10-24,925.2679
Germany,2022-10-25,925.2679
Germany,2022-10-26,925.2679
Germany,2022-10-27,925.2679
Germany,2022-10-28,925.2679
Germany,2022-10-29,925.2679
Germany,2022-10-30,635.23737
Germany,2022-10-31,635.23737
Germany,2022-11-01,635.23737
Germany,2022-11-02,635.23737
Germany,2022-11-03,635.23737
Germany,2022-11-04,635.23737
Germany,2022-11-05,635.23737
Germany,2022-11-06,413.82352
Germany,2022-11-07,413.82352
Germany,2022-11-08,413.82352
Germany,2022-11-09,413.82352
Germany,2022-11-10,413.82352
Germany,2022-11-11,413.82352
Germany,2022-11-12,413.82352
Germany,2022-11-13,343.2106
Germany,2022-11-14,343.2106
Germany,2022-11-15,343.2106
Germany,2022-11-16,343.2106
Germany,2022-11-17,343.2106
Germany,2022-11-18,343.2106
Germany,2022-11-19,343.2106
Germany,2022-11-20,288.25342
Germany,2022-11-21,288.25342
Germany,2022-11-22,288.25342
Germany,2022-11-23,288.25342
Germany,2022-11-24,288.25342
Germany,2022-11-25,288.25342
Germany,2022-11-26,288.25342
Germany,2022-11-27,289.81985
Germany,2022-11-28,289.81985
Germany,2022-11-29,289.81985
Germany,2022-11-30,289.81985
Germany,2022-12-01,289.81985
Germany,2022-12-02,289.81985
Germany,2022-12-03,289.81985
Germany,2022-12-04,314.0059
Germany,2022-12-05,314.0059
Germany,2022-12-06,314.0059
Germany,2022-12-07,314.0059
Germany,2022-12-08,314.0059
Germany,2022-12-09,314.0059
Germany,2022-12-10,314.0059
Germany,2022-12-11,338.9463
Germany,2022-12-12,338.9463
Germany,2022-12-13,338.9463
Germany,2022-12-14,338.9463
Germany,2022-12-15,338.9463
Germany,2022-12-16,338.9463
Germany,2022-12-17,338.9463
Germany,2022-12-18,378.78293
Germany,2022-12-19,378.78293
Germany,2022-12-20,378.78293
Germany,2022-12-21,378.78293
Germany,2022-12-22,378.78293
Germany,2022-12-23,378.78293
Germany,2022-12-24,378.78293
Germany,2022-12-25,392.02277
Germany,2022-12-26,392.02277
Germany,2022-12-27,392.02277
Germany,2022-12-28,392.02277
Germany,2022-12-29,392.02277
Germany,2022-12-30,392.02277
Germany,2022-12-31,392.02277
Germany,2023-01-01,257.5027
Germany,2023-01-02,257.5027
Germany,2023-01-03,257.5027
Germany,2023-01-04,257.5027
Germany,2023-01-05,257.5027
Germany,2023-01-06,257.5027
Germany,2023-01-07,257.5027
Germany,2023-01-08,221.39857
Germany,2023-01-09,221.39857
Germany,2023-01-10,221.39857
Germany,2023-01-11,221.39857
Germany,2023-01-12,221.39857
Germany,2023-01-13,221.39857
Germany,2023-01-14,221.39857
Germany,2023-01-15,151.35654
Germany,2023-01-16,151.35654
Germany,2023-01-17,151.35654
Germany,2023-01-18,151.35654
Germany,2023-01-19,151.35654
Germany,2023-01-20,151.35654
Germany,2023-01-21,151.35654
Germany,2023-01-22,106.80703
Germany,2023-01-23,106.80703
Germany,2023-01-24,106.80703
Germany,2023-01-25,106.80703
Germany,2023-01-26,106.80703
Germany,2023-01-27,106.80703
Germany,2023-01-28,106.80703
Germany,2023-01-29,124.52863
Germany,2023-01-30,124.52863
Germany,2023-01-31,124.52863
Germany,2023-02-01,124.52863
Germany,2023-02-02,124.52863
Germany,2023-02-03,124.52863
Germany,2023-02-04,124.52863
Germany,2023-02-05,143.12349
Germany,2023-02-06,143.12349
Germany,2023-02-07,143.12349
Germany,2023-02-08,143.12349
Germany,2023-02-09,143.12349
Germany,2023-02-10,143.12349
Germany,2023-02-11,143.12349
Germany,2023-02-12,147.11938
Germany,2023-02-13,147.11938
Germany,2023-02-14,147.11938
Germany,2023-02-15,147.11938
Germany,2023-02-16,147.11938
Germany,2023-02-17,147.11938
Germany,2023-02-18,147.11938
Germany,2023-02-19,166.24092
Germany,2023-02-20,166.24092
Germany,2023-02-21,166.24092
Germany,2023-02-22,166.24092
Germany,2023-02-23,166.24092
Germany,2023-02-24,166.24092
Germany,2023-02-25,166.24092
Germany,2023-02-26,192.71713
Germany,2023-02-27,192.71713
Germany,2023-02-28,192.71713
Germany,2023-03-01,192.71713
Germany,2023-03-02,192.71713
Germany,2023-03-03,192.71713
Germany,2023-03-04,192.71713
Germany,2023-03-05,146.65388
Germany,2023-03-06,146.65388
Germany,2023-03-07,146.65388
Germany,2023-03-08,146.65388
Germany,2023-03-09,146.65388
Germany,2023-03-10,146.65388
Germany,2023-03-11,146.65388
Germany,2023-03-12,74.34206
Germany,2023-03-13,74.34206
Germany,2023-03-14,74.34206
Germany,2023-03-15,74.34206
Germany,2023-03-16,74.34206
Germany,2023-03-17,74.34206
Germany,2023-03-18,74.34206
Germany,2023-03-19,68.47903
Germany,2023-03-20,68.47903
Germany,2023-03-21,68.47903
Germany,2023-03-22,68.47903
Germany,2023-03-23,68.47903
Germany,2023-03-24,68.47903
Germany,2023-03-25,68.47903
Germany,2023-03-26,55.45158
Germany,2023-03-27,55.45158
Germany,2023-03-28,55.45158
Germany,2023-03-29,55.45158
Germany,2023-03-30,55.45158
Germany,2023-03-31,55.45158
Germany,2023-04-01,55.45158
Germany,2023-04-02,38.484306
Germany,2023-04-03,38.484306
Netherlands,2021-06-22,47.633884
Netherlands,2021-06-23,47.633884
Netherlands,2021-06-24,47.633884
Netherlands,2021-06-25,47.633884
Netherlands,2021-06-26,47.633884
Netherlands,2021-06-27,33.942135
Netherlands,2021-06-28,33.942135
Netherlands,2021-06-29,33.942135
Netherlands,2021-06-30,33.942135
Netherlands,2021-07-01,33.942135
Netherlands,2021-07-02,33.942135
Netherlands,2021-07-03,33.942135
Netherlands,2021-07-04,57.216515
Netherlands,2021-07-05,57.216515
Netherlands,2021-07-06,57.216515
Netherlands,2021-07-07,57.216515
Netherlands,2021-07-08,57.216515
Netherlands,2021-07-09,57.216515
Netherlands,2021-07-10,57.216515
Netherlands,2021-07-11,395.40912
Netherlands,2021-07-12,395.40912
Netherlands,2021-07-13,395.40912
Netherlands,2021-07-14,395.40912
Netherlands,2021-07-15,395.40912
Netherlands,2021-07-16,395.40912
Netherlands,2021-07-17,395.40912
Netherlands,2021-07-18,554.14087
Netherlands,2021-07-19,554.14087
Netherlands,2021-07-20,554.14087
Netherlands,2021-07-21,554.14087
Netherlands,2021-07-22,554.14087
Netherlands,2021-07-23,554.14087
Netherlands,2021-07-24,554.14087
Netherlands,2021-07-25,309.16547
Netherlands,2021-07-26,309.16547
Netherlands,2021-07-27,309.16547
Netherlands,2021-07-28,309.16547
Netherlands,2021-07-29,309.16547
Netherlands,2021-07-30,309.16547
Netherlands,2021-07-31,309.16547
Netherlands,2021-08-01,178.31989
Netherlands,2021-08-02,178.31989
Netherlands,2021-08-03,178.31989
Netherlands,2021-08-04,178.31989
Netherlands,2021-08-05,178.31989
Netherlands,2021-08-06,178.31989
Netherlands,2021-08-07,178.31989
Netherlands,2021-08-08,137.72337
Netherlands,2021-08-09,137.72337
Netherlands,2021-08-10,137.72337
Netherlands,2021-08-11,137.72337
Netherlands,2021-08-12,137.72337
Netherlands,2021-08-13,137.72337
Netherlands,2021-08-14,137.72337
Netherlands,2021-08-15,132.44135
Netherlands,2021-08-16,132.44135
Netherlands,2021-08-17,132.44135
Netherlands,2021-08-18,132.44135
Netherlands,2021-08-19,132.44135
Netherlands,2021-08-20,132.44135
Netherlands,2021-08-21,132.44135
Netherlands,2021-08-22,134.69937
Netherlands,2021-08-23,134.69937
Netherlands,2021-08-24,134.69937
Netherlands,2021-08-25,134.69937
Netherlands,2021-08-26,134.69937
Netherlands,2021-08-27,134.69937
Netherlands,2021-08-28,134.69937
Netherlands,2021-08-29,140.28459
Netherlands,2021-08-30,140.28459
Netherlands,2021-08-31,140.28459
Netherlands,2021-09-01,140.28459
Netherlands,2021-09-02,140.28459
Netherlands,2021-09-03,140.28459
Netherlands,2021-09-04,140.28459
Netherlands,2021-09-05,139.75
Netherlands,2021-09-06,139.75
Netherlands,2021-09-07,139.75
Netherlands,2021-09-08,139.75
Netherlands,2021-09-09,139.75
Netherlands,2021-09-10,139.75
Netherlands,2021-09-11,139.75
Netherlands,2021-09-12,129.17001
Netherlands,2021-09-13,129.17001
Netherlands,2021-09-14,129.17001
Netherlands,2021-09-15,129.17001
Netherlands,2021-09-16,129.17001
Netherlands,2021-09-17,129.17001
Netherlands,2021-09-18,129.17001
Netherlands,2021-09-19,108.79196
Netherlands,2021-09-20,108.79196
Netherlands,2021-09-21,108.79196
Netherlands,2021-09-22,108.79196
Netherlands,2021-09-23,108.79196
Netherlands,2021-09-24,108.79196
Netherlands,2021-09-25,108.79196
Netherlands,2021-09-26,92.81826
Netherlands,2021-09-27,92.81826
Netherlands,2021-09-28,92.81826
Netherlands,2021-09-29,92.81826
Netherlands,2021-09-30,92.81826
Netherlands,2021-10-01,92.81826
Netherlands,2021-10-02,92.81826
Netherlands,2021-10-03,94.71723
Netherlands,2021-10-04,94.71723
Netherlands,2021-10-05,94.71723
Netherlands,2021-10-06,94.71723
Netherlands,2021-10-07,94.71723
Netherlands,2021-10-08,94.71723
Netherlands,2021-10-09,94.71723
Netherlands,2021-10-10,137.88295
Netherlands,2021-10-11,137.88295
Netherlands,2021-10-12,137.88295
Netherlands,2021-10-13,137.88295
Netherlands,2021-10-14,137.88295
Netherlands,2021-10-15,137.88295
Netherlands,2021-10-16,137.88295
Netherlands,2021-10-17,201.94533
Netherlands,2021-10-18,201.94533
Netherlands,2021-10-19,201.94533
Netherlands,2021-10-20,201.94533
Netherlands,2021-10-21,201.94533
Netherlands,2021-10-22,201.94533
Netherlands,2021-10-23,201.94533
Netherlands,2021-10-24,301.43393
Netherlands,2021-10-25,301.43393
Netherlands,2021-10-26,301.43393
Netherlands,2021-10-27,301.43393
Netherlands,2021-10-28,301.43393
Netherlands,2021-10-29,301.43393
Netherlands,2021-10-30,301.43393
Netherlands,2021-10-31,426.9576
Netherlands,2021-11-01,426.9576
Netherlands,2021-11-02,426.9576
Netherlands,2021-11-03,426.9576
Netherlands,2021-11-04,426.9576
Netherlands,2021-11-05,426.9576
Netherlands,2021-11-06,426.9576
Netherlands,2021-11-07,605.24554
Netherlands,2021-11-08,605.24554
Netherlands,2021-11-09,605.24554
Netherlands,2021-11-10,605.24554
Netherlands,2021-11-11,605.24554
Netherlands,2021-11-12,605.24554
Netherlands,2021-11-13,605.24554
Netherlands,2021-11-14,915.1451
Netherlands,2021-11-15,915.1451
Netherlands,2021-11-16,915.1451
Netherlands,2021-11-17,915.1451
Netherlands,2021-11-18,915.1451
Netherlands,2021-11-19,915.1451
Netherlands,2021-11-20,915.1451
Netherlands,2021-11-21,1229.2654
Netherlands,2021-11-22,1229.2654
Netherlands,2021-11-23,1229.2654
Netherlands,2021-11-24,1229.2654
Netherlands,2021-11-25,1229.2654
Netherlands,2021-11-26,1229.2654
Netherlands,2021-11-27,1229.2654
Netherlands,2021-11-28,1233.1193
Netherlands,2021-11-29,1233.1193
Netherlands,2021-11-30,1233.1193
Netherlands,2021-12-01,1233.1193
Netherlands,2021-12-02,1233.1193
Netherlands,2021-12-03,1233.1193
Netherlands,2021-12-04,1233.1193
Netherlands,2021-12-05,1156.0353
Netherlands,2021-12-06,1156.0353
Netherlands,2021-12-07,1156.0353
Netherlands,2021-12-08,1156.0353
Netherlands,2021-12-09,1156.0353
Netherlands,2021-12-10,1156.0353
Netherlands,2021-12-11,1156.0353
Netherlands,2021-12-12,926.9219
Netherlands,2021-12-13,926.9219
Netherlands,2021-12-14,926.9219
Netherlands,2021-12-15,926.9219
Netherlands,2021-12-16,926.9219
Netherlands,2021-12-17,926.9219
Netherlands,2021-12-18,926.9219
Netherlands,2021-12-19,762.93207
Netherlands,2021-12-20,762.93207
Netherlands,2021-12-21,762.93207
Netherlands,2021-12-22,762.93207
Netherlands,2021-12-23,762.93207
Netherlands,2021-12-24,762.93207
Netherlands,2021-12-25,762.93207
Netherlands,2021-12-26,678.0927
Netherlands,2021-12-27,678.0927
Netherlands,2021-12-28,678.0927
Netherlands,2021-12-29,678.0927
Netherlands,2021-12-30,678.0927
Netherlands,2021-12-31,678.0927
Netherlands,2022-01-01,678.0927
Netherlands,2022-01-02,873.87036
Netherlands,2022-01-03,873.87036
Netherlands,2022-01-04,873.87036
Netherlands,2022-01-05,873.87036
Netherlands,2022-01-06,873.87036
Netherlands,2022-01-07,873.87036
Netherlands,2022-01-08,873.87036
Netherlands,2022-01-09,1610.8632
Netherlands,2022-01-10,1610.8632
Netherlands,2022-01-11,1610.8632
Netherlands,2022-01-12,1610.8632
Netherlands,2022-01-13,1610.8632
Netherlands,2022-01-14,1610.8632
Netherlands,2022-01-15,1610.8632
Netherlands,2022-01-16,2009.759
Netherlands,2022-01-17,2009.759
Netherlands,2022-01-18,2009.759
Netherlands,2022-01-19,2009.759
Netherlands,2022-01-20,2009.759
Netherlands,2022-01-21,2009.759
Netherlands,2022-01-22,2009.759
Netherlands,2022-01-23,3382.5005
Netherlands,2022-01-24,3382.5005
Netherlands,2022-01-25,3382.5005
Netherlands,2022-01-26,3382.5005
Netherlands,2022-01-27,3382.5005
Netherlands,2022-01-28,3382.5005
Netherlands,2022-01-29,3382.5005
Netherlands,2022-01-30,4648.0537
Netherlands,2022-01-31,4648.0537
Netherlands,2022-02-01,4648.0537
Netherlands,2022-02-02,4648.0537
Netherlands,2022-02-03,4648.0537
Netherlands,2022-02-04,4648.0537
Netherlands,2022-02-05,4648.0537
Netherlands,2022-02-06,4997.1855
Netherlands,2022-02-07,4997.1855
Netherlands,2022-02-08,4997.1855
Netherlands,2022-02-09,4997.1855
Netherlands,2022-02-10,4997.1855
Netherlands,2022-02-11,4997.1855
Netherlands,2022-02-12,4997.1855
Netherlands,2022-02-13,4098.6763
Netherlands,2022-02-14,4098.6763
Netherlands,2022-02-15,4098.6763
Netherlands,2022-02-16,4098.6763
Netherlands,2022-02-17,4098.6763
Netherlands,2022-02-18,4098.6763
Netherlands,2022-02-19,4098.6763
Netherlands,2022-02-20,2606.8901
Netherlands,2022-02-21,2606.8901
Netherlands,2022-02-22,2606.8901
Netherlands,2022-02-23,2606.8901
Netherlands,2022-02-24,2606.8901
Netherlands,2022-02-25,2606.8901
Netherlands,2022-02-26,2606.8901
Netherlands,2022-02-27,1942.4174
Netherlands,2022-02-28,1942.4174
Netherlands,2022-03-01,1942.4174
Netherlands,2022-03-02,1942.4174
Netherlands,2022-03-03,1942.4174
Netherlands,2022-03-04,1942.4174
Netherlands,2022-03-05,1942.4174
Netherlands,2022-03-06,3259.0674
Netherlands,2022-03-07,3259.0674
Netherlands,2022-03-08,3259.0674
Netherlands,2022-03-09,3259.0674
Netherlands,2022-03-10,3259.0674
Netherlands,2022-03-11,3259.0674
Netherlands,2022-03-12,3259.0674
Netherlands,2022-03-13,3575.7969
Netherlands,2022-03-14,3575.7969
Netherlands,2022-03-15,3575.7969
Netherlands,2022-03-16,3575.7969
Netherlands,2022-03-17,3575.7969
Netherlands,2022-03-18,3575.7969
Netherlands,2022-03-19,3575.7969
Netherlands,2022-03-20,2585.754
Netherlands,2022-03-21,2585.754
Netherlands,2022-03-22,2585.754
Netherlands,2022-03-23,2585.754
Netherlands,2022-03-24,2585.754
Netherlands,2022-03-25,2585.754
Netherlands,2022-03-26,2585.754
Netherlands,2022-03-27,1848.4261
Netherlands,2022-03-28,1848.4261
Netherlands,2022-03-29,1848.4261
Netherlands,2022-03-30,1848.4261
Netherlands,2022-03-31,1848.4261
Netherlands,2022-04-01,1848.4261
Netherlands,2022-04-02,1848.4261
Netherlands,2022-04-03,1158.5327
Netherlands,2022-04-04,1158.5327
Netherlands,2022-04-05,1158.5327
Netherlands,2022-04-06,1158.5327
Netherlands,2022-04-07,1158.5327
Netherlands,2022-04-08,1158.5327
Netherlands,2022-04-09,1158.5327
Netherlands,2022-04-10,588.09894
Netherlands,2022-04-11,588.09894
Netherlands,2022-04-12,588.09894
Netherlands,2022-04-13,588.09894
Netherlands,2022-04-14,588.09894
Netherlands,2022-04-15,588.09894
Netherlands,2022-04-16,588.09894
Netherlands,2022-04-17,225.58675
Netherlands,2022-04-18,225.58675
Netherlands,2022-04-19,225.58675
Netherlands,2022-04-20,225.58675
Netherlands,2022-04-21,225.58675
Netherlands,2022-04-22,225.58675
Netherlands,2022-04-23,225.58675
Netherlands,2022-04-24,131.88283
Netherlands,2022-04-25,131.88283
Netherlands,2022-04-26,131.88283
Netherlands,2022-04-27,131.88283
Netherlands,2022-04-28,131.88283
Netherlands,2022-04-29,131.88283
Netherlands,2022-04-30,131.88283
Netherlands,2022-05-01,82.50955
Netherlands,2022-05-02,82.50955
Netherlands,2022-05-03,82.50955
Netherlands,2022-05-04,82.50955
Netherlands,2022-05-05,82.50955
Netherlands,2022-05-06,82.50955
Netherlands,2022-05-07,82.50955
Netherlands,2022-05-08,81.26485
Netherlands,2022-05-09,81.26485
Netherlands,2022-05-10,81.26485
Netherlands,2022-05-11,81.26485
Netherlands,2022-05-12,81.26485
Netherlands,2022-05-13,81.26485
Netherlands,2022-05-14,81.26485
Netherlands,2022-05-15,67.29383
Netherlands,2022-05-16,67.29383
Netherlands,2022-05-17,67.29383
Netherlands,2022-05-18,67.29383
Netherlands,2022-05-19,67.29383
Netherlands,2022-05-20,67.29383
Netherlands,2022-05-21,67.29383
Netherlands,2022-05-22,60.328278
Netherlands,2022-05-23,60.328278
Netherlands,2022-05-24,60.328278
Netherlands,2022-05-25,60.328278
Netherlands,2022-05-26,60.328278
Netherlands,2022-05-27,60.328278
Netherlands,2022-05-28,60.328278
Netherlands,2022-05-29,54.57551
Netherlands,2022-05-30,54.57551
Netherlands,2022-05-31,54.57551
Netherlands,2022-06-01,54.57551
Netherlands,2022-06-02,54.57551
Netherlands,2022-06-03,54.57551
Netherlands,2022-06-04,54.57551
Netherlands,2022-06-05,74.7461
Netherlands,2022-06-06,74.7461
Netherlands,2022-06-07,74.7461
Netherlands,2022-06-08,74.7461
Netherlands,2022-06-09,74.7461
Netherlands,2022-06-10,74.7461
Netherlands,2022-06-11,74.7461
Netherlands,2022-06-12,113.01279
Netherlands,2022-06-13,113.01279
Netherlands,2022-06-14,113.01279
Netherlands,2022-06-15,113.01279
Netherlands,2022-06-16,113.01279
Netherlands,2022-06-17,113.01279
Netherlands,2022-06-18,113.01279
Netherlands,2022-06-19,197.11014
Netherlands,2022-06-20,197.11014
Netherlands,2022-06-21,197.11014
Netherlands,2022-06-22,197.11014
Netherlands,2022-06-23,197.11014
Netherlands,2022-06-24,197.11014
Netherlands,2022-06-25,197.11014
Netherlands,2022-06-26,267.34818
Netherlands,2022-06-27,267.34818
Netherlands,2022-06-28,267.34818
Netherlands,2022-06-29,267.34818
Netherlands,2022-06-30,267.34818
Netherlands,2022-07-01,267.34818
Netherlands,2022-07-02,267.34818
Netherlands,2022-07-03,306.2851
Netherlands,2022-07-04,306.2851
Netherlands,2022-07-05,306.2851
Netherlands,2022-07-06,306.2851
Netherlands,2022-07-07,306.2851
Netherlands,2022-07-08,306.2851
Netherlands,2022-07-09,306.2851
Netherlands,2022-07-10,341.12085
Netherlands,2022-07-11,341.12085
Netherlands,2022-07-12,341.12085
Netherlands,2022-07-13,341.12085
Netherlands,2022-07-14,341.12085
Netherlands,2022-07-15,341.12085
Netherlands,2022-07-16,341.12085
Netherlands,2022-07-17,325.0913
Netherlands,2022-07-18,325.0913
Netherlands,2022-07-19,325.0913
Netherlands,2022-07-20,325.0913
Netherlands,2022-07-21,325.0913
Netherlands,2022-07-22,325.0913
Netherlands,2022-07-23,325.0913
Netherlands,2022-07-24,225.7543
Netherlands,2022-07-25,225.7543
Netherlands,2022-07-26,225.7543
Netherlands,2022-07-27,225.7543
Netherlands,2022-07-28,225.7543
Netherlands,2022-07-29,225.7543
Netherlands,2022-07-30,225.7543
Netherlands,2022-07-31,181.05664
Netherlands,2022-08-01,181.05664
Netherlands,2022-08-02,181.05664
Netherlands,2022-08-03,181.05664
Netherlands,2022-08-04,181.05664
Netherlands,2022-08-05,181.05664
Netherlands,2022-08-06,181.05664
Netherlands,2022-08-07,126.51305
Netherlands,2022-08-08,126.51305
Netherlands,2022-08-09,126.51305
Netherlands,2022-08-10,126.51305
Netherlands,2022-08-11,126.51305
Netherlands,2022-08-12,126.51305
Netherlands,2022-08-13,126.51305
Netherlands,2022-08-14,93.99115
Netherlands,2022-08-15,93.99115
Netherlands,2022-08-16,93.99115
Netherlands,2022-08-17,93.99115
Netherlands,2022-08-18,93.99115
Netherlands,2022-08-19,93.99115
Netherlands,2022-08-20,93.99115
Netherlands,2022-08-21,74.2195
Netherlands,2022-08-22,74.2195
Netherlands,2022-08-23,74.2195
Netherlands,2022-08-24,74.2195
Netherlands,2022-08-25,74.2195
Netherlands,2022-08-26,74.2195
Netherlands,2022-08-27,74.2195
Netherlands,2022-08-28,61.93203
Netherlands,2022-08-29,61.93203
Netherlands,2022-08-30,61.93203
Netherlands,2022-08-31,61.93203
Netherlands,2022-09-01,61.93203
Netherlands,2022-09-02,61.93203
Netherlands,2022-09-03,61.93203
Netherlands,2022-09-04,61.261806
Netherlands,2022-09-05,61.261806
Netherlands,2022-09-06,61.261806
Netherlands,2022-09-07,61.261806
Netherlands,2022-09-08,61.261806
Netherlands,2022-09-09,61.261806
Netherlands,2022-09-10,61.261806
Netherlands,2022-09-11,66.58372
Netherlands,2022-09-12,66.58372
Netherlands,2022-09-13,66.58372
Netherlands,2022-09-14,66.58372
Netherlands,2022-09-15,66.58372
Netherlands,2022-09-16,66.58372
Netherlands,2022-09-17,66.58372
Netherlands,2022-09-18,68.98536
Netherlands,2022-09-19,68.98536
Netherlands,2022-09-20,68.98536
Netherlands,2022-09-21,68.98536
Netherlands,2022-09-22,68.98536
Netherlands,2022-09-23,68.98536
Netherlands,2022-09-24,68.98536
Netherlands,2022-09-25,92.052284
Netherlands,2022-09-26,92.052284
Netherlands,2022-09-27,92.052284
Netherlands,2022-09-28,92.052284
Netherlands,2022-09-29,92.052284
Netherlands,2022-09-30,92.052284
Netherlands,2022-10-01,92.052284
Netherlands,2022-10-02,145.9815
Netherlands,2022-10-03,145.9815
Netherlands,2022-10-04,145.9815
Netherlands,2022-10-05,145.9815
Netherlands,2022-10-06,145.9815
Netherlands,2022-10-07,145.9815
Netherlands,2022-10-08,145.9815
Netherlands,2022-10-09,190.99034
Netherlands,2022-10-10,190.99034
Netherlands,2022-10-11,190.99034
Netherlands,2022-10-12,190.99034
Netherlands,2022-10-13,190.99034
Netherlands,2022-10-14,190.99034
Netherlands,2022-10-15,190.99034
Netherlands,2022-10-16,180.7694
Netherlands,2022-10-17,180.7694
Netherlands,2022-10-18,180.7694
Netherlands,2022-10-19,180.7694
Netherlands,2022-10-20,180.7694
Netherlands,2022-10-21,180.7694
Netherlands,2022-10-22,180.7694
Netherlands,2022-10-23,146.90706
Netherlands,2022-10-24,146.90706
Netherlands,2022-10-25,146.90706
Netherlands,2022-10-26,146.90706
Netherlands,2022-10-27,146.90706
Netherlands,2022-10-28,146.90706
Netherlands,2022-10-29,146.90706
Netherlands,2022-10-30,101.53917
Netherlands,2022-10-31,101.53917
Netherlands,2022-11-01,101.53917
Netherlands,2022-11-02,101.53917
Netherlands,2022-11-03,101.53917
Netherlands,2022-11-04,101.53917
Netherlands,2022-11-05,101.53917
Netherlands,2022-11-06,65.666145
Netherlands,2022-11-07,65.666145
Netherlands,2022-11-08,65.666145
Netherlands,2022-11-09,65.666145
Netherlands,2022-11-10,65.666145
Netherlands,2022-11-11,65.666145
Netherlands,2022-11-12,65.666145
Netherlands,2022-11-13,49.038166
Netherlands,2022-11-14,49.038166
Netherlands,2022-11-15,49.038166
Netherlands,2022-11-16,49.038166
Netherlands,2022-11-17,49.038166
Netherlands,2022-11-18,49.038166
Netherlands,2022-11-19,49.038166
Netherlands,2022-11-20,43.740196
Netherlands,2022-11-21,43.740196
Netherlands,2022-11-22,43.740196
Netherlands,2022-11-23,43.740196
Netherlands,2022-11-24,43.740196
Netherlands,2022-11-25,43.740196
Netherlands,2022-11-26,43.740196
Netherlands,2022-11-27,40.93961
Netherlands,2022-11-28,40.93961
Netherlands,2022-11-29,40.93961
Netherlands,2022-11-30,40.93961
Netherlands,2022-12-01,40.93961
Netherlands,2022-12-02,40.93961
Netherlands,2022-12-03,40.93961
Netherlands,2022-12-04,44.147118
Netherlands,2022-12-05,44.147118
Netherlands,2022-12-06,44.147118
Netherlands,2022-12-07,44.147118
Netherlands,2022-12-08,44.147118
Netherlands,2022-12-09,44.147118
Netherlands,2022-12-10,44.147118
Netherlands,2022-12-11,45.535442
Netherlands,2022-12-12,45.535442
Netherlands,2022-12-13,45.535442
Netherlands,2022-12-14,45.535442
Netherlands,2022-12-15,45.535442
Netherlands,2022-12-16,45.535442
Netherlands,2022-12-17,45.535442
Netherlands,2022-12-18,48.615288
Netherlands,2022-12-19,48.615288
Netherlands,2022-12-20,48.615288
Netherlands,2022-12-21,48.615288
Netherlands,2022-12-22,48.615288
Netherlands,2022-12-23,48.615288
Netherlands,2022-12-24,48.615288
Netherlands,2022-12-25,58.477177
Netherlands,2022-12-26,58.477177
Netherlands,2022-12-27,58.477177
Netherlands,2022-12-28,58.477177
Netherlands,2022-12-29,58.477177
Netherlands,2022-12-30,58.477177
Netherlands,2022-12-31,58.477177
Netherlands,2023-01-01,46.31737
Netherlands,2023-01-02,46.31737
Netherlands,2023-01-03,46.31737
Netherlands,2023-01-04,46.31737
Netherlands,2023-01-05,46.31737
Netherlands,2023-01-06,46.31737
Netherlands,2023-01-07,46.31737
Netherlands,2023-01-08,35.019283
Netherlands,2023-01-09,35.019283
Netherlands,2023-01-10,35.019283
Netherlands,2023-01-11,35.019283
Netherlands,2023-01-12,35.019283
Netherlands,2023-01-13,35.019283
Netherlands,2023-01-14,35.019283
Netherlands,2023-01-15,19.420582
Netherlands,2023-01-16,19.420582
Netherlands,2023-01-17,19.420582
Netherlands,2023-01-18,19.420582
Netherlands,2023-01-19,19.420582
Netherlands,2023-01-20,19.420582
Netherlands,2023-01-21,19.420582
Netherlands,2023-01-22,13.994947
Netherlands,2023-01-23,13.994947
Netherlands,2023-01-24,13.994947
Netherlands,2023-01-25,13.994947
Netherlands,2023-01-26,13.994947
Netherlands,2023-01-27,13.994947
Netherlands,2023-01-28,13.994947
Netherlands,2023-01-29,15.096032
Netherlands,2023-01-30,15.096032
Netherlands,2023-01-31,15.096032
Netherlands,2023-02-01,15.096032
Netherlands,2023-02-02,15.096032
Netherlands,2023-02-03,15.096032
Netherlands,2023-02-04,15.096032
Netherlands,2023-02-05,19.588139
Netherlands,2023-02-06,19.588139
Netherlands,2023-02-07,19.588139
Netherlands,2023-02-08,19.588139
Netherlands,2023-02-09,19.588139
Netherlands,2023-02-10,19.588139
Netherlands,2023-02-11,19.588139
Netherlands,2023-02-12,22.747774
Netherlands,2023-02-13,22.747774
Netherlands,2023-02-14,22.747774
Netherlands,2023-02-15,22.747774
Netherlands,2023-02-16,22.747774
Netherlands,2023-02-17,22.747774
Netherlands,2023-02-18,22.747774
Netherlands,2023-02-19,31.50858
Netherlands,2023-02-20,31.50858
Netherlands,2023-02-21,31.50858
Netherlands,2023-02-22,31.50858
Netherlands,2023-02-23,31.50858
Netherlands,2023-02-24,31.50858
Netherlands,2023-02-25,31.50858
Netherlands,2023-02-26,36.918255
Netherlands,2023-02-27,36.918255
Netherlands,2023-02-28,36.918255
Netherlands,2023-03-01,36.918255
Netherlands,2023-03-02,36.918255
Netherlands,2023-03-03,36.918255
Netherlands,2023-03-04,36.918255
Netherlands,2023-03-05,33.13627
Netherlands,2023-03-06,33.13627
Netherlands,2023-03-07,33.13627
Netherlands,2023-03-08,33.13627
Netherlands,2023-03-09,33.13627
Netherlands,2023-03-10,33.13627
Netherlands,2023-03-11,33.13627
Netherlands,2023-03-12,30.798458
Netherlands,2023-03-13,30.798458
Netherlands,2023-03-14,30.798458
Netherlands,2023-03-15,30.798458
Netherlands,2023-03-16,30.798458
Netherlands,2023-03-17,30.798458
Netherlands,2023-03-18,30.798458
Netherlands,2023-03-19,22.492449
Netherlands,2023-03-20,22.492449
Netherlands,2023-03-21,22.492449
Netherlands,2023-03-22,22.492449
Netherlands,2023-03-23,22.492449
Netherlands,2023-03-24,22.492449
Netherlands,2023-03-25,22.492449
Netherlands,2023-03-26,14.872623
Netherlands,2023-03-27,14.872623
Netherlands,2023-03-28,14.872623
Netherlands,2023-03-29,14.872623
Netherlands,2023-03-30,14.872623
Netherlands,2023-03-31,14.872623
Netherlands,2023-04-01,14.872623
Netherlands,2023-04-02,11.720968
Netherlands,2023-04-03,11.720968
United States,2021-06-22,33.861088
United States,2021-06-23,33.983643
United States,2021-06-24,34.26473
United States,2021-06-25,34.524483
United States,2021-06-26,35.397854
United States,2021-06-27,36.656876
United States,2021-06-28,37.051735
United States,2021-06-29,37.733112
United States,2021-06-30,38.5153
United States,2021-07-01,39.446392
United States,2021-07-02,38.525337
United States,2021-07-03,39.786037
United States,2021-07-04,40.58872
United States,2021-07-05,40.544796
United States,2021-07-06,40.45403
United States,2021-07-07,39.914032
United States,2021-07-08,41.774544
United States,2021-07-09,46.37438
United States,2021-07-10,115.370636
United States,2021-07-11,119.841644
United States,2021-07-12,123.05655
United States,2021-07-13,125.67624
United States,2021-07-14,133.9352
United States,2021-07-15,140.2161
United States,2021-07-16,146.76764
United States,2021-07-17,86.96059
United States,2021-07-18,93.10053
United States,2021-07-19,97.81204
United States,2021-07-20,102.52649
United States,2021-07-21,109.34572
United States,2021-07-22,116.06415
United States,2021-07-23,125.69046
United States,2021-07-24,138.72116
United States,2021-07-25,150.17412
United States,2021-07-26,159.2324
United States,2021-07-27,165.5957
United States,2021-07-28,176.49193
United States,2021-07-29,191.03346
United States,2021-07-30,202.67673
United States,2021-07-31,214.24596
United States,2021-08-01,228.83559
United States,2021-08-02,240.0338
United States,2021-08-03,247.55533
United States,2021-08-04,260.59064
United States,2021-08-05,270.8293
United States,2021-08-06,286.5918
United States,2021-08-07,298.5074
United States,2021-08-08,310.8061
United States,2021-08-09,327.40555
United States,2021-08-10,342.29718
United States,2021-08-11,338.3825
United States,2021-08-12,348.89975
United States,2021-08-13,355.86246
United States,2021-08-14,365.61133
United States,2021-08-15,370.7909
United States,2021-08-16,378.98752
United States,2021-08-17,384.81082
United States,2021-08-18,391.4636
United States,2021-08-19,397.74658
United States,2021-08-20,408.071
United States,2021-08-21,417.7839
United States,2021-08-22,426.63223
United States,2021-08-23,427.45874
United States,2021-08-24,433.21805
United States,2021-08-25,438.18304
United States,2021-08-26,443.1882
United States,2021-08-27,446.84482
United States,2021-08-28,451.81775
United States,2021-08-29,457.9715
United States,2021-08-30,461.40057
United States,2021-08-31,457.71594
United States,2021-09-01,465.15088
United States,2021-09-02,471.16867
United States,2021-09-03,479.8367
United States,2021-09-04,478.64294
United States,2021-09-05,478.61826
United States,2021-09-06,475.16327
United States,2021-09-07,478.26273
United States,2021-09-08,468.81125
United States,2021-09-09,442.82556
United States,2021-09-10,431.7888
United States,2021-09-11,431.91302
United States,2021-09-12,427.72144
United States,2021-09-13,432.6492
United States,2021-09-14,428.78262
United States,2021-09-15,430.02365
United States,2021-09-16,449.87985
United States,2021-09-17,446.48636
United States,2021-09-18,439.6353
United States,2021-09-19,433.9471
United States,2021-09-20,420.99338
United States,2021-09-21,412.9649
United States,2021-09-22,404.35126
United States,2021-09-23,392.15167
United States,2021-09-24,379.43677
United States,2021-09-25,367.2736
United States,2021-09-26,356.49823
United States,2021-09-27,345.45227
United States,2021-09-28,337.3351
United States,2021-09-29,341.07498
United States,2021-09-30,333.74292
United States,2021-10-01,327.07846
United States,2021-10-02,321.13303
United States,2021-10-03,316.0898
United States,2021-10-04,310.15106
United States,2021-10-05,306.55426
United States,2021-10-06,300.06964
United States,2021-10-07,294.35886
United States,2021-10-08,294.95532
United States,2021-10-09,290.35257
United States,2021-10-10,285.26083
United States,2021-10-11,280.50122
United States,2021-10-12,277.0755
United States,2021-10-13,271.2802
United States,2021-10-14,266.1935
United States,2021-10-15,257.02856
United States,2021-10-16,250.2662
United States,2021-10-17,243.53857
United States,2021-10-18,240.36508
United States,2021-10-19,235.84598
United States,2021-10-20,233.48729
United States,2021-10-21,229.70477
United States,2021-10-22,221.43202
United States,2021-10-23,217.542
United States,2021-10-24,212.71379
United States,2021-10-25,201.46706
United States,2021-10-26,193.27377
United States,2021-10-27,198.35086
United States,2021-10-28,207.21507
United States,2021-10-29,210.42119
United States,2021-10-30,216.92546
United States,2021-10-31,220.09352
United States,2021-11-01,219.60664
United States,2021-11-02,218.4731
United States,2021-11-03,232.43825
United States,2021-11-04,221.0635
United States,2021-11-05,218.79099
United States,2021-11-06,212.8217
United States,2021-11-07,213.41148
United States,2021-11-08,213.84525
United States,2021-11-09,216.42896
United States,2021-11-10,215.81995
United States,2021-11-11,219.28749
United States,2021-11-12,225.5546
United States,2021-11-13,219.19547
United States,2021-11-14,233.05771
United States,2021-11-15,246.98186
United States,2021-11-16,247.84729
United States,2021-11-17,255.0413
United States,2021-11-18,260.9106
United States,2021-11-19,265.9555
United States,2021-11-20,286.96283
United States,2021-11-21,283.12427
United States,2021-11-22,273.4695
United States,2021-11-23,275.62698
United States,2021-11-24,280.55768
United States,2021-11-25,282.29398
United States,2021-11-26,282.59723
United States,2021-11-27,261.2034
United States,2021-11-28,247.78705
United States,2021-11-29,250.13194
United States,2021-11-30,257.57147
United States,2021-12-01,235.86313
United States,2021-12-02,244.07147
United States,2021-12-03,255.17264
United States,2021-12-04,284.93164
United States,2021-12-05,314.13602
United States,2021-12-06,320.6411
United States,2021-12-07,320.12955
United States,2021-12-08,358.01074
United States,2021-12-09,360.04276
United States,2021-12-10,358.6344
United States,2021-12-11,355.9415
United States,2021-12-12,349.25153
United States,2021-12-13,347.83563
United States,2021-12-14,349.00473
United States,2021-12-15,349.69073
United States,2021-12-16,349.6464
United States,2021-12-17,356.66052
United States,2021-12-18,367.21667
United States,2021-12-19,376.08005
United States,2021-12-20,385.9586
United States,2021-12-21,404.40646
United States,2021-12-22,438.06802
United States,2021-12-23,470.64206
United States,2021-12-24,508.87543
United States,2021-12-25,557.45624
United States,2021-12-26,592.8792
United States,2021-12-27,604.69147
United States,2021-12-28,650.3138
United States,2021-12-29,733.2739
United States,2021-12-30,811.1561
United States,2021-12-31,910.0486
United States,2022-01-01,1037.9735
United States,2022-01-02,1134.3936
United States,2022-01-03,1212.6676
United States,2022-01-04,1287.78
United States,2022-01-05,1470.9435
United States,2022-01-06,1614.4138
United States,2022-01-07,1709.983
United States,2022-01-08,1799.4069
United States,2022-01-09,1958.7661
United States,2022-01-10,2019.7455
United States,2022-01-11,2059.7678
United States,2022-01-12,2211.6577
United States,2022-01-13,2241.3662
United States,2022-01-14,2305.401
United States,2022-01-15,2344.6636
United States,2022-01-16,2363.677
United States,2022-01-17,2370.8772
United States,2022-01-18,2342.516
United States,2022-01-19,2218.2637
United States,2022-01-20,2240.3296
United States,2022-01-21,2208.7854
United States,2022-01-22,2160.343
United States,2022-01-23,2109.3435
United States,2022-01-24,2051.8745
United States,2022-01-25,2008.4612
United States,2022-01-26,2026.3147
United States,2022-01-27,1874.4532
United States,2022-01-28,1776.0564
United States,2022-01-29,1690.8651
United States,2022-01-30,1584.9757
United States,2022-01-31,1540.4739
United States,2022-02-01,1474.9155
United States,2022-02-02,1293.1194
United States,2022-02-03,1210.8126
United States,2022-02-04,1109.664
United States,2022-02-05,1016.4835
United States,2022-02-06,915.4954
United States,2022-02-07,866.3851
United States,2022-02-08,840.60394
United States,2022-02-09,727.18164
United States,2022-02-10,685.9655
United States,2022-02-11,641.20483
United States,2022-02-12,564.13245
United States,2022-02-13,511.18604
United States,2022-02-14,495.76233
United States,2022-02-15,475.40292
United States,2022-02-16,420.58096
United States,2022-02-17,383.0022
United States,2022-02-18,345.07248
United States,2022-02-19,317.75247
United States,2022-02-20,296.20807
United States,2022-02-21,284.87643
United States,2022-02-22,277.8786
United States,2022-02-23,225.2254
United States,2022-02-24,228.1291
United States,2022-02-25,214.72237
United States,2022-02-26,204.0926
United States,2022-02-27,191.68639
United States,2022-02-28,185.35571
United States,2022-03-01,179.91597
United States,2022-03-02,191.55421
United States,2022-03-03,170.13698
United States,2022-03-04,161.40411
United States,2022-03-05,151.59961
United States,2022-03-06,139.08214
United States,2022-03-07,134.3263
United States,2022-03-08,130.4664
United States,2022-03-09,122.53579
United States,2022-03-10,108.88017
United States,2022-03-11,106.08857
United States,2022-03-12,101.05916
United States,2022-03-13,98.01659
United States,2022-03-14,97.12439
United States,2022-03-15,97.201775
United States,2022-03-16,98.74606
United States,2022-03-17,95.9532
United States,2022-03-18,92.489006
United States,2022-03-19,89.79569
United States,2022-03-20,87.31194
United States,2022-03-21,86.3591
United States,2022-03-22,86.74057
United States,2022-03-23,77.479416
United States,2022-03-24,77.59486
United States,2022-03-25,80.6617
United States,2022-03-26,81.88224
United States,2022-03-27,80.92438
United States,2022-03-28,82.02445
United States,2022-03-29,81.90524
United States,2022-03-30,79.22783
United States,2022-03-31,78.93796
United States,2022-04-01,80.225845
United States,2022-04-02,81.89311
United States,2022-04-03,81.34056
United States,2022-04-04,80.991714
United States,2022-04-05,81.32425
United States,2022-04-06,79.02496
United States,2022-04-07,82.9133
United States,2022-04-08,80.41073
United States,2022-04-09,77.79354
United States,2022-04-10,84.154755
United States,2022-04-11,85.14859
United States,2022-04-12,87.97868
United States,2022-04-13,91.17477
United States,2022-04-14,89.25695
United States,2022-04-15,90.885315
United States,2022-04-16,102.974464
United States,2022-04-17,103.70813
United States,2022-04-18,104.86426
United States,2022-04-19,105.47202
United States,2022-04-20,106.071
United States,2022-04-21,116.37284
United States,2022-04-22,121.08226
United States,2022-04-23,115.56137
United States,2022-04-24,125.78583
United States,2022-04-25,128.56363
United States,2022-04-26,129.54074
United States,2022-04-27,135.33601
United States,2022-04-28,139.93544
United States,2022-04-29,148.19104
United States,2022-04-30,153.38023
United States,2022-05-01,158.3398
United States,2022-05-02,159.37755
United States,2022-05-03,161.74962
United States,2022-05-04,167.70677
United States,2022-05-05,171.1166
United States,2022-05-06,180.90102
United States,2022-05-07,188.46982
United States,2022-05-08,194.77582
United States,2022-05-09,195.43628
United States,2022-05-10,197.5189
United States,2022-05-11,212.94594
United States,2022-05-12,224.5252
United States,2022-05-13,235.9267
United States,2022-05-14,243.74646
United States,2022-05-15,253.04108
United States,2022-05-16,253.70238
United States,2022-05-17,259.7566
United States,2022-05-18,269.1315
United States,2022-05-19,281.41434
United States,2022-05-20,289.2048
United States,2022-05-21,293.81635
United States,2022-05-22,307.2252
United States,2022-05-23,310.28156
United States,2022-05-24,309.7177
United States,2022-05-25,304.48
United States,2022-05-26,306.03937
United States,2022-05-27,309.17477
United States,2022-05-28,310.61536
United States,2022-05-29,309.82898
United States,2022-05-30,309.68048
United States,2022-05-31,305.7428
United States,2022-06-01,282.5918
United States,2022-06-02,292.06168
United States,2022-06-03,286.63864
United States,2022-06-04,285.96313
United States,2022-06-05,282.60184
United States,2022-06-06,287.3786
United States,2022-06-07,290.6621
United States,2022-06-08,309.1246
United States,2022-06-09,307.5874
United States,2022-06-10,309.09656
United States,2022-06-11,306.7567
United States,2022-06-12,309.9645
United States,2022-06-13,305.8804
United States,2022-06-14,303.95883
United States,2022-06-15,300.4846
United States,2022-06-16,294.50443
United States,2022-06-17,293.92554
United States,2022-06-18,290.41574
United States,2022-06-19,281.1918
United States,2022-06-20,280.41632
United States,2022-06-21,279.07614
United States,2022-06-22,262.71548
United States,2022-06-23,282.9946
United States,2022-06-24,279.2397
United States,2022-06-25,281.0362
United States,2022-06-26,296.82755
United States,2022-06-27,300.2403
United States,2022-06-28,303.86304
United States,2022-06-29,322.38702
United States,2022-06-30,309.12793
United States,2022-07-01,315.3022
United States,2022-07-02,319.89783
United States,2022-07-03,323.654
United States,2022-07-04,325.39655
United States,2022-07-05,326.24063
United States,2022-07-06,304.99908
United States,2022-07-07,311.2298
United States,2022-07-08,309.88797
United States,2022-07-09,313.12503
United States,2022-07-10,311.1043
United States,2022-07-11,314.1992
United States,2022-07-12,318.77518
United States,2022-07-13,347.1802
United States,2022-07-14,353.2227
United States,2022-07-15,357.51007
United States,2022-07-16,365.20142
United States,2022-07-17,371.52917
United States,2022-07-18,372.36572
United States,2022-07-19,371.91983
United States,2022-07-20,366.91342
United States,2022-07-21,364.92242
United States,2022-07-22,366.12833
United States,2022-07-23,370.0861
United States,2022-07-24,380.0897
United States,2022-07-25,378.28357
United States,2022-07-26,377.66827
United States,2022-07-27,379.6409
United States,2022-07-28,375.16736
United States,2022-07-29,375.98175
United States,2022-07-30,374.47134
United States,2022-07-31,396.52313
United States,2022-08-01,390.1042
United States,2022-08-02,383.13773
United States,2022-08-03,388.4227
United States,2022-08-04,385.35626
United States,2022-08-05,380.75687
United States,2022-08-06,375.13892
United States,2022-08-07,329.62662
United States,2022-08-08,327.67242
United States,2022-08-09,325.5237
United States,2022-08-10,316.98618
United States,2022-08-11,306.91357
United States,2022-08-12,302.11295
United States,2022-08-13,299.48572
United States,2022-08-14,293.47336
United States,2022-08-15,292.36407
United States,2022-08-16,287.46643
United States,2022-08-17,287.76508
United States,2022-08-18,283.31375
United States,2022-08-19,275.64163
United States,2022-08-20,271.1171
United States,2022-08-21,269.75977
United States,2022-08-22,268.93784
United States,2022-08-23,271.78174
United States,2022-08-24,264.40283
United States,2022-08-25,259.95233
United States,2022-08-26,264.3744
United States,2022-08-27,262.6126
United States,2022-08-28,255.28893
United States,2022-08-29,255.5198
United States,2022-08-30,255.17516
United States,2022-08-31,253.73125
United States,2022-09-01,253.82578
United States,2022-09-02,249.78685
United States,2022-09-03,247.06761
United States,2022-09-04,242.75471
United States,2022-09-05,240.97118
United States,2022-09-06,239.79245
United States,2022-09-07,216.45155
United States,2022-09-08,217.6152
United States,2022-09-09,205.38383
United States,2022-09-10,197.72052
United States,2022-09-11,188.021
United States,2022-09-12,186.85776
United States,2022-09-13,185.16832
United States,2022-09-14,200.00433
United States,2022-09-15,174.48459
United States,2022-09-16,173.5765
United States,2022-09-17,178.71802
United States,2022-09-18,170.19888
United States,2022-09-19,168.29195
United States,2022-09-20,168.28023
United States,2022-09-21,162.79198
United States,2022-09-22,159.28302
United States,2022-09-23,156.96574
United States,2022-09-24,157.64963
United States,2022-09-25,154.2306
United States,2022-09-26,153.5191
United States,2022-09-27,151.47246
United States,2022-09-28,148.48091
United States,2022-09-29,144.6298
United States,2022-09-30,142.2021
United States,2022-10-01,137.16348
United States,2022-10-02,134.36603
United States,2022-10-03,132.83136
United States,2022-10-04,132.22945
United States,2022-10-05,130.02344
United States,2022-10-06,128.88069
United States,2022-10-07,123.03229
United States,2022-10-08,119.454735
United States,2022-10-09,117.36291
United States,2022-10-10,116.99942
United States,2022-10-11,116.7334
United States,2022-10-12,113.408485
United States,2022-10-13,113.61804
United States,2022-10-14,110.80343
United States,2022-10-15,108.45687
United States,2022-10-16,105.105606
United States,2022-10-17,102.89583
United States,2022-10-18,102.0304
United States,2022-10-19,105.97939
United States,2022-10-20,106.33201
United States,2022-10-21,82.29591
United States,2022-10-22,132.77614
United States,2022-10-23,118.6805
United States,2022-10-24,116.149895
United States,2022-10-25,111.48564
United States,2022-10-26,97.322655
United States,2022-10-27,81.010124
United States,2022-10-28,187.73698
United States,2022-10-29,106.72687
United States,2022-10-30,106.72687
United States,2022-10-31,106.72687
United States,2022-11-01,106.72687
United States,2022-11-02,106.72687
United States,2022-11-03,106.72687
United States,2022-11-04,111.808136
United States,2022-11-05,111.808136
United States,2022-11-06,111.808136
United States,2022-11-07,111.808136
United States,2022-11-08,111.808136
United States,2022-11-09,111.808136
United States,2022-11-10,111.808136
United States,2022-11-11,118.33039
United States,2022-11-12,118.33039
United States,2022-11-13,118.33039
United States,2022-11-14,118.33039
United States,2022-11-15,118.33039
United States,2022-11-16,118.33039
United States,2022-11-17,118.33039
United States,2022-11-18,115.02054
United States,2022-11-19,115.02054
United States,2022-11-20,115.02054
United States,2022-11-21,115.02054
United States,2022-11-22,115.02054
United States,2022-11-23,115.02054
United States,2022-11-24,115.02054
United States,2022-11-25,125.55578
United States,2022-11-26,125.55578
United States,2022-11-27,125.55578
United States,2022-11-28,125.55578
United States,2022-11-29,125.55578
United States,2022-11-30,125.55578
United States,2022-12-01,125.55578
United States,2022-12-02,126.57136
United States,2022-12-03,126.57136
United States,2022-12-04,126.57136
United States,2022-12-05,126.57136
United States,2022-12-06,126.57136
United States,2022-12-07,126.57136
United States,2022-12-08,126.57136
United States,2022-12-09,193.33902
United States,2022-12-10,193.33902
United States,2022-12-11,193.33902
United States,2022-12-12,193.33902
United States,2022-12-13,193.33902
United States,2022-12-14,193.33902
United States,2022-12-15,193.33902
United States,2022-12-16,186.55911
United States,2022-12-17,186.55911
United States,2022-12-18,186.55911
United States,2022-12-19,186.55911
United States,2022-12-20,186.55911
United States,2022-12-21,186.55911
United States,2022-12-22,186.55911
United States,2022-12-23,212.49043
United States,2022-12-24,212.49043
United States,2022-12-25,212.49043
United States,2022-12-26,212.49043
United States,2022-12-27,212.49043
United States,2022-12-28,212.49043
United States,2022-12-29,212.49043
United States,2022-12-30,164.051
United States,2022-12-31,164.051
United States,2023-01-01,164.051
United States,2023-01-02,164.051
United States,2023-01-03,164.051
United States,2023-01-04,164.051
United States,2023-01-05,164.051
United States,2023-01-06,197.30893
United States,2023-01-07,197.30893
United States,2023-01-08,197.30893
United States,2023-01-09,197.30893
United States,2023-01-10,197.30893
United States,2023-01-11,197.30893
United States,2023-01-12,197.30893
United States,2023-01-13,187.4283
United States,2023-01-14,187.4283
United States,2023-01-15,187.4283
United States,2023-01-16,187.4283
United States,2023-01-17,187.4283
United States,2023-01-18,187.4283
United States,2023-01-19,187.4283
United States,2023-01-20,128.84096
United States,2023-01-21,128.84096
United States,2023-01-22,128.84096
United States,2023-01-23,128.84096
United States,2023-01-24,128.84096
United States,2023-01-25,128.84096
United States,2023-01-26,128.84096
United States,2023-01-27,123.33721
United States,2023-01-28,123.33721
United States,2023-01-29,123.33721
United States,2023-01-30,123.33721
United States,2023-01-31,123.33721
United States,2023-02-01,123.33721
United States,2023-02-02,123.33721
United States,2023-02-03,119.37819
United States,2023-02-04,119.37819
United States,2023-02-05,119.37819
United States,2023-02-06,119.37819
United States,2023-02-07,119.37819
United States,2023-02-08,119.37819
United States,2023-02-09,119.37819
United States,2023-02-10,116.37744
United States,2023-02-11,116.37744
United States,2023-02-12,116.37744
United States,2023-02-13,116.37744
United States,2023-02-14,116.37744
United States,2023-02-15,116.37744
United States,2023-02-16,116.37744
United States,2023-02-17,106.39893
United States,2023-02-18,106.39893
United States,2023-02-19,106.39893
United States,2023-02-20,106.39893
United States,2023-02-21,106.39893
United States,2023-02-22,106.39893
United States,2023-02-23,106.39893
United States,2023-02-24,0
United States,2023-02-25,111.75125
United States,2023-02-26,111.75125
United States,2023-02-27,111.75125
United States,2023-02-28,111.75125
United States,2023-03-01,111.75125
United States,2023-03-02,111.75125
United States,2023-03-03,111.75125
United States,2023-03-04,95.29609
United States,2023-03-05,95.29609
United States,2023-03-06,95.29609
United States,2023-03-07,95.29609
United States,2023-03-08,95.29609
United States,2023-03-09,95.29609
United States,2023-03-10,95.29609
United States,2023-03-11,71.35578
United States,2023-03-12,71.35578
United States,2023-03-13,71.35578
United States,2023-03-14,71.35578
United States,2023-03-15,71.35578
United States,2023-03-16,71.35578
United States,2023-03-17,71.35578
United States,2023-03-18,52.95979
United States,2023-03-19,52.95979
United States,2023-03-20,52.95979
United States,2023-03-21,52.95979
United States,2023-03-22,52.95979
United States,2023-03-23,52.95979
United States,2023-03-24,52.95979
United States,2023-03-25,63.98358
United States,2023-03-26,63.98358
United States,2023-03-27,63.98358
United States,2023-03-28,63.98358
United States,2023-03-29,63.98358
United States,2023-03-30,63.98358
United States,2023-03-31,63.98358
United States,2023-04-01,73.76717
United States,2023-04-02,73.76717
United States,2023-04-03,73.76717