Entity,Code,Day,COVID-19 doses (daily)
United States,USA,2021-12-31,620908
United States,USA,2022-01-01,120312
United States,USA,2022-01-02,500641
United States,USA,2022-01-03,1252631
United States,USA,2022-01-04,1423448
United States,USA,2022-01-05,1461822
United States,USA,2022-01-06,1474184
United States,USA,2022-01-07,1662175
United States,USA,2022-01-08,1055313
United States,USA,2022-01-09,501167
United States,USA,2022-01-10,1268624
United States,USA,2022-01-11,1316523
United States,USA,2022-01-12,1322564
United States,USA,2022-01-13,1302017
United States,USA,2022-01-14,1480803
United States,USA,2022-01-15,795175
United States,USA,2022-01-16,393740
United States,USA,2022-01-17,831048
United States,USA,2022-01-18,1008085
United States,USA,2022-01-19,988768
United States,USA,2022-01-20,945432
United States,USA,2022-01-21,1093023
United States,USA,2022-01-22,626291
United States,USA,2022-01-23,333884
United States,USA,2022-01-24,803668
United States,USA,2022-01-25,810605
United States,USA,2022-01-26,799954
United States,USA,2022-01-27,797713
United States,USA,2022-01-28,964579
United States,USA,2022-01-29,473900
United States,USA,2022-01-30,266955
United States,USA,2022-01-31,636769
United States,USA,2022-02-01,623821
United States,USA,2022-02-02,579084
United States,USA,2022-02-03,526655
United States,USA,2022-02-04,663351
United States,USA,2022-02-05,442969
United States,USA,2022-02-06,215527
United States,USA,2022-02-07,489174
United States,USA,2022-02-08,507548
United States,USA,2022-02-09,517461
United States,USA,2022-02-10,515460
United States,USA,2022-02-11,629700
United States,USA,2022-02-12,349079
United States,USA,2022-02-13,154331
United States,USA,2022-02-14,346184
United States,USA,2022-02-15,407091
United States,USA,2022-02-16,419606
United States,USA,2022-02-17,412983
United States,USA,2022-02-18,532286
United States,USA,2022-02-19,285072
United States,USA,2022-02-20,155903
United States,USA,2022-02-21,320316
United States,USA,2022-02-22,357631
United States,USA,2022-02-23,347723
United States,USA,2022-02-24,333648
United States,USA,2022-02-25,398932
United States,USA,2022-02-26,245547
United States,USA,2022-02-27,124434
United States,USA,2022-02-28,320220
United States,USA,2022-03-01,285236
United States,USA,2022-03-02,262021
United States,USA,2022-03-03,258059
United States,USA,2022-03-04,324009
United States,USA,2022-03-05,184109
United States,USA,2022-03-06,90043
United States,USA,2022-03-07,214483
United States,USA,2022-03-08,217756
United States,USA,2022-03-09,216665
United States,USA,2022-03-10,216748
United States,USA,2022-03-11,263258
United States,USA,2022-03-12,143613
United States,USA,2022-03-13,74989
United States,USA,2022-03-14,198367
United States,USA,2022-03-15,208108
United States,USA,2022-03-16,211480
United States,USA,2022-03-17,201276
United States,USA,2022-03-18,256557
United States,USA,2022-03-19,146728
United States,USA,2022-03-20,77008
United States,USA,2022-03-21,192133
United States,USA,2022-03-22,185821
United States,USA,2022-03-23,195878
United States,USA,2022-03-24,191469
United States,USA,2022-03-25,235096
United States,USA,2022-03-26,125179
United States,USA,2022-03-27,65215
United States,USA,2022-03-28,175057
United States,USA,2022-03-29,199781
United States,USA,2022-03-30,405231
United States,USA,2022-03-31,559568
United States,USA,2022-04-01,667267
United States,USA,2022-04-02,347919
United States,USA,2022-04-03,211137
United States,USA,2022-04-04,564170
United States,USA,2022-04-05,559520
United States,USA,2022-04-06,581975
United States,USA,2022-04-07,587944
United States,USA,2022-04-08,679572
United States,USA,2022-04-09,340875
United States,USA,2022-04-10,198058
United States,USA,2022-04-11,584896
United States,USA,2022-04-12,620155
United States,USA,2022-04-13,587685
United States,USA,2022-04-14,594394
United States,USA,2022-04-15,573059
United States,USA,2022-04-16,262009
United States,USA,2022-04-17,60684
United States,USA,2022-04-18,519854
United States,USA,2022-04-19,547765
United States,USA,2022-04-20,541443
United States,USA,2022-04-21,510325
United States,USA,2022-04-22,501416
United States,USA,2022-04-23,262736
United States,USA,2022-04-24,135526
United States,USA,2022-04-25,431573
United States,USA,2022-04-26,460738
United States,USA,2022-04-27,479988
United States,USA,2022-04-28,484070
United States,USA,2022-04-29,516129
United States,USA,2022-04-30,244256
United States,USA,2022-05-01,136347
United States,USA,2022-05-02,396110
United States,USA,2022-05-03,424286
United States,USA,2022-05-04,421574
United States,USA,2022-05-05,415069
United States,USA,2022-05-06,458222
United States,USA,2022-05-07,208206
United States,USA,2022-05-08,91910
United States,USA,2022-05-09,393273
United States,USA,2022-05-10,425935
United States,USA,2022-05-11,427647
United States,USA,2022-05-12,437691
United States,USA,2022-05-13,476717
United States,USA,2022-05-14,240789
United States,USA,2022-05-15,132443
United States,USA,2022-05-16,390358
United States,USA,2022-05-17,414074
United States,USA,2022-05-18,424157
United States,USA,2022-05-19,444693
United States,USA,2022-05-20,516439
United States,USA,2022-05-21,271910
United States,USA,2022-05-22,155326
United States,USA,2022-05-23,440849
United States,USA,2022-05-24,431685
United States,USA,2022-05-25,419460
United States,USA,2022-05-26,406415
United States,USA,2022-05-27,450392
United States,USA,2022-05-28,202682
United States,USA,2022-05-29,113393
United States,USA,2022-05-30,32285
United States,USA,2022-05-31,379452
United States,USA,2022-06-01,376460
United States,USA,2022-06-02,363450
United States,USA,2022-06-03,404716
United States,USA,2022-06-04,193318
United States,USA,2022-06-05,107739
United States,USA,2022-06-06,321661
United States,USA,2022-06-07,320757
United States,USA,2022-06-08,324638
United States,USA,2022-06-09,315129
United States,USA,2022-06-10,349462
United States,USA,2022-06-11,163544
United States,USA,2022-06-12,87379
United States,USA,2022-06-13,271032
United States,USA,2022-06-14,280109
United States,USA,2022-06-15,285095
United States,USA,2022-06-16,283141
United States,USA,2022-06-17,300907
United States,USA,2022-06-18,132160
United States,USA,2022-06-19,62821
United States,USA,2022-06-20,236286
United States,USA,2022-06-21,270935
United States,USA,2022-06-22,287337
United States,USA,2022-06-23,287438
United States,USA,2022-06-24,311229
United States,USA,2022-06-25,163799
United States,USA,2022-06-26,79549
United States,USA,2022-06-27,254774
United States,USA,2022-06-28,268452
United States,USA,2022-06-29,274333
United States,USA,2022-06-30,283100
United States,USA,2022-07-01,281197
United States,USA,2022-07-02,114859
United States,USA,2022-07-03,59206
United States,USA,2022-07-04,13189
United States,USA,2022-07-05,253077
United States,USA,2022-07-06,267482
United States,USA,2022-07-07,274501
United States,USA,2022-07-08,308491
United States,USA,2022-07-09,147757
United States,USA,2022-07-10,78685
United States,USA,2022-07-11,271223
United States,USA,2022-07-12,303188
United States,USA,2022-07-13,348023
United States,USA,2022-07-14,368339
United States,USA,2022-07-15,417058
United States,USA,2022-07-16,214034
United States,USA,2022-07-17,116268
United States,USA,2022-07-18,361636
United States,USA,2022-07-19,361493
United States,USA,2022-07-20,346130
United States,USA,2022-07-21,366165
United States,USA,2022-07-22,415335
United States,USA,2022-07-23,202590
United States,USA,2022-07-24,99859
United States,USA,2022-07-25,312003
United States,USA,2022-07-26,322554
United States,USA,2022-07-27,310381
United States,USA,2022-07-28,308462
United States,USA,2022-07-29,324200
United States,USA,2022-07-30,140767
United States,USA,2022-07-31,69427
United States,USA,2022-08-01,244054
United States,USA,2022-08-02,259088
United States,USA,2022-08-03,253674
United States,USA,2022-08-04,249672
United States,USA,2022-08-05,267691
United States,USA,2022-08-06,124479
United States,USA,2022-08-07,63918
United States,USA,2022-08-08,220894
United States,USA,2022-08-09,228768
United States,USA,2022-08-10,215055
United States,USA,2022-08-11,218227
United States,USA,2022-08-12,240004
United States,USA,2022-08-13,107195
United States,USA,2022-08-14,52877
United States,USA,2022-08-15,197625
United States,USA,2022-08-16,204834
United States,USA,2022-08-17,202283
United States,USA,2022-08-18,194850
United States,USA,2022-08-19,213278
United States,USA,2022-08-20,87874
United States,USA,2022-08-21,43716
United States,USA,2022-08-22,166929
United States,USA,2022-08-23,176526
United States,USA,2022-08-24,174687
United States,USA,2022-08-25,171199
United States,USA,2022-08-26,180405
United States,USA,2022-08-27,78281
United States,USA,2022-08-28,38382
United States,USA,2022-08-29,141466
United States,USA,2022-08-30,148545
United States,USA,2022-08-31,134574
United States,USA,2022-09-01,98820
United States,USA,2022-09-02,90504
United States,USA,2022-09-03,56379
United States,USA,2022-09-04,42999
United States,USA,2022-09-05,13378
United States,USA,2022-09-06,178033
United States,USA,2022-09-07,401355
United States,USA,2022-09-08,432377
United States,USA,2022-09-09,566315
United States,USA,2022-09-10,319397
United States,USA,2022-09-11,203014
United States,USA,2022-09-12,552786
United States,USA,2022-09-13,535677
United States,USA,2022-09-14,576722
United States,USA,2022-09-15,584272
United States,USA,2022-09-16,705764
United States,USA,2022-09-17,340210
United States,USA,2022-09-18,194963
United States,USA,2022-09-19,618320
United States,USA,2022-09-20,630469
United States,USA,2022-09-21,688130
United States,USA,2022-09-22,682616
United States,USA,2022-09-23,815182
United States,USA,2022-09-24,380998
United States,USA,2022-09-25,216859
United States,USA,2022-09-26,715738
United States,USA,2022-09-27,710730
United States,USA,2022-09-28,734370
United States,USA,2022-09-29,719209
United States,USA,2022-09-30,828035
United States,USA,2022-10-01,379399
United States,USA,2022-10-02,209289
United States,USA,2022-10-03,720944
United States,USA,2022-10-04,727709
United States,USA,2022-10-05,797679
United States,USA,2022-10-06,777999
United States,USA,2022-10-07,877814
United States,USA,2022-10-08,410115
United States,USA,2022-10-09,222397
United States,USA,2022-10-10,741564
United States,USA,2022-10-11,763542
United States,USA,2022-10-12,824063
United States,USA,2022-10-13,785001
United States,USA,2022-10-14,891898
United States,USA,2022-10-15,387507
United States,USA,2022-10-16,213187
United States,USA,2022-10-17,763940
United States,USA,2022-10-18,762575
United States,USA,2022-10-19,798688
United States,USA,2022-10-20,770493
United States,USA,2022-10-21,857460
United States,USA,2022-10-22,385028
United States,USA,2022-10-23,209544
United States,USA,2022-10-24,747316
United States,USA,2022-10-25,768556
United States,USA,2022-10-26,844834
United States,USA,2022-10-27,789043
United States,USA,2022-10-28,860676
United States,USA,2022-10-29,371805
United States,USA,2022-10-30,193902
United States,USA,2022-10-31,608416
United States,USA,2022-11-01,640148
United States,USA,2022-11-02,656703
United States,USA,2022-11-03,641737
United States,USA,2022-11-04,756729
United States,USA,2022-11-05,343240
United States,USA,2022-11-06,180259
United States,USA,2022-11-07,584476
United States,USA,2022-11-08,564752
United States,USA,2022-11-09,556135
United States,USA,2022-11-10,558061
United States,USA,2022-11-11,601188
United States,USA,2022-11-12,282595
United States,USA,2022-11-13,158884
United States,USA,2022-11-14,516543
United States,USA,2022-11-15,523884
United States,USA,2022-11-16,527964
United States,USA,2022-11-17,512090
United States,USA,2022-11-18,568075
United States,USA,2022-11-19,266986
United States,USA,2022-11-20,144989
United States,USA,2022-11-21,455415
United States,USA,2022-11-22,423822
United States,USA,2022-11-23,358895
United States,USA,2022-11-24,5908
United States,USA,2022-11-25,247410
United States,USA,2022-11-26,191537
United States,USA,2022-11-27,118916
United States,USA,2022-11-28,335489
United States,USA,2022-11-29,348552
United States,USA,2022-11-30,433580
United States,USA,2022-12-01,387984
United States,USA,2022-12-02,438841
United States,USA,2022-12-03,204104
United States,USA,2022-12-04,114738
United States,USA,2022-12-05,350850
United States,USA,2022-12-06,365612
United States,USA,2022-12-07,376109
United States,USA,2022-12-08,379239
United States,USA,2022-12-09,426504
United States,USA,2022-12-10,215843
United States,USA,2022-12-11,124080
United States,USA,2022-12-12,366639
United States,USA,2022-12-13,368284
United States,USA,2022-12-14,349758
United States,USA,2022-12-15,324009
United States,USA,2022-12-16,380625
United States,USA,2022-12-17,197222
United States,USA,2022-12-18,113955
United States,USA,2022-12-19,337636
United States,USA,2022-12-20,317453
United States,USA,2022-12-21,288962
United States,USA,2022-12-22,229178
United States,USA,2022-12-23,153574
United States,USA,2022-12-24,38972
United States,USA,2022-12-25,2556
United States,USA,2022-12-26,110217
United States,USA,2022-12-27,266544
United States,USA,2022-12-28,261645
United States,USA,2022-12-29,264355
United States,USA,2022-12-30,243635
United States,USA,2022-12-31,63664
United States,USA,2023-01-01,9990